case,y_test,y_pred
14885,1,0
10043,1,0
1082,0,0
25598,0,0
5773,1,1
3996,0,1
12435,0,0
22914,1,1
17103,1,1
18517,1,1
22329,1,1
18805,0,0
7617,0,1
5796,0,0
5191,0,0
17385,0,0
6902,1,1
3943,1,1
13085,0,1
20234,0,0
20155,1,0
18174,0,1
27132,1,1
4821,0,1
15420,0,0
10658,0,0
2648,1,0
7293,0,0
1259,1,1
7899,1,1
7693,0,0
17312,0,0
26920,1,0
23016,0,1
7052,0,0
24469,1,1
253,1,0
7557,1,1
25294,1,1
13403,0,0
9902,0,1
4249,1,1
26318,1,0
4501,0,0
23671,1,1
21778,1,1
9308,0,0
16823,1,1
27812,1,1
13637,1,1
13671,1,1
20265,1,1
27973,1,1
5650,0,0
15159,0,0
27407,0,0
8665,1,1
20150,1,1
20222,0,1
17119,1,1
13839,0,0
14061,1,1
21118,0,0
154,0,0
1149,1,0
12082,1,0
24088,1,1
4120,0,1
20424,1,1
15173,0,0
21916,0,0
2351,0,1
20343,1,1
18996,0,0
21933,1,1
2166,1,1
17856,0,1
14377,0,0
19290,0,1
1728,1,0
9793,1,1
23821,1,1
4071,0,0
12831,1,1
23881,0,0
3031,1,1
16579,1,1
27193,0,0
3376,1,1
2620,0,0
604,0,0
13986,0,0
6705,0,0
9969,1,1
6914,1,1
10227,0,0
22573,1,1
3337,0,0
626,1,1
5404,0,0
15689,0,0
16506,1,1
13655,0,0
26261,1,1
27158,1,1
14988,1,1
440,0,1
24364,0,0
195,0,0
17569,0,0
15778,0,1
4023,0,0
25627,0,1
10894,1,1
24820,0,0
5817,1,1
26245,0,0
9881,0,1
19794,0,0
10127,1,1
24467,0,0
10383,1,1
2706,1,1
19233,1,1
15926,1,1
13192,0,1
17578,1,1
12505,1,1
12936,1,1
3713,1,1
9528,0,0
12074,0,1
16280,1,1
11914,0,1
2073,0,0
8943,0,0
13610,1,1
27551,1,0
22558,0,1
17199,1,1
28018,1,0
14283,0,1
11250,0,1
14457,0,0
9994,0,0
6867,1,1
23759,0,0
2257,0,0
5661,0,0
7955,1,1
17834,0,0
10722,1,0
15776,0,1
19601,1,1
23950,1,1
20498,0,1
27830,0,0
4856,1,0
27174,0,0
19477,1,1
19609,1,1
26694,0,1
264,1,1
2639,0,0
26039,0,0
10672,1,1
28730,0,1
12696,0,0
5819,1,0
22545,1,1
16289,0,0
1897,1,1
8007,1,1
292,0,0
6578,0,0
2525,1,1
562,1,0
8406,0,0
28554,1,1
7156,1,1
22965,1,1
25815,0,0
23681,0,1
11172,1,1
20579,1,1
27539,0,0
5043,1,1
24610,0,1
16164,0,1
25882,0,0
14805,0,0
5335,1,1
23824,0,1
23715,0,1
16393,1,1
22289,0,1
23091,0,0
2630,0,0
1817,0,0
3163,1,0
23076,0,1
13526,1,0
11449,0,1
6022,1,1
21429,1,1
8562,0,1
28245,1,1
17619,0,0
20321,0,0
16851,1,0
28268,0,0
12124,0,0
7952,0,0
308,0,0
840,0,0
5413,0,0
1177,0,0
16080,1,1
1891,1,0
26205,0,0
9887,1,0
15522,0,0
13896,1,1
1814,1,1
28061,1,1
21446,0,0
10162,1,1
5384,0,1
8143,1,1
8115,0,1
7970,1,0
16090,1,0
15587,0,1
9430,1,1
4417,1,1
9384,0,1
7611,1,1
28316,1,1
10741,0,0
19560,1,1
15045,0,0
5339,1,1
8513,0,1
28337,0,1
25368,1,1
28532,0,0
4749,1,1
1451,1,1
2316,0,0
11636,0,0
5048,0,1
17152,1,0
237,1,0
25916,0,0
17076,1,0
15574,0,0
10961,1,1
62,1,1
20245,1,1
16818,1,0
23729,0,1
16287,1,1
10228,1,1
2533,0,0
18784,1,1
26008,1,1
5113,0,0
24873,0,0
10051,1,1
3971,0,1
20529,0,0
3502,0,0
25806,0,1
8082,0,1
21855,1,1
24935,1,1
26456,0,0
12146,1,1
9832,0,1
16101,1,1
20256,1,1
11645,1,0
6276,0,1
18811,1,1
19647,1,1
5386,1,1
24641,0,0
11446,0,1
19106,0,1
9134,1,0
2246,1,1
10680,1,1
9610,0,0
21585,1,1
5157,0,0
20120,1,1
18367,1,1
24163,1,1
5400,1,1
14348,1,1
1822,0,0
20541,1,1
7990,0,1
13629,1,1
25333,1,1
12400,0,0
4847,0,1
26596,1,1
22324,1,0
15723,1,1
1238,1,0
18463,1,1
18325,0,0
24984,1,1
20895,0,0
8924,0,1
23012,1,1
7875,1,1
507,0,0
17227,1,1
11012,1,1
12527,0,0
22227,0,0
2750,0,1
24743,1,1
22547,0,0
26625,1,1
2078,0,1
28357,0,0
16594,0,1
10768,0,1
8656,1,1
20811,1,1
13695,1,1
13948,1,1
1339,0,1
15379,0,0
28390,0,0
621,1,1
22639,1,0
19015,0,0
10096,1,1
10503,0,0
17983,1,1
16295,0,0
23462,0,1
23524,0,0
16959,0,1
7738,0,0
28119,1,1
9171,0,0
17541,1,1
25422,0,0
7803,0,0
19234,0,0
9547,0,0
26819,1,1
10432,1,1
9527,0,1
5604,0,0
1989,1,1
4034,1,1
14042,0,1
7846,0,0
20060,0,1
988,0,0
22612,1,1
3077,0,0
27922,1,1
25156,1,1
7082,0,0
3359,1,1
21315,1,1
6825,0,0
28507,0,1
24067,0,0
22253,1,0
9517,0,0
18847,1,1
4197,0,0
21179,0,0
9461,0,0
28418,0,0
10561,0,0
15309,0,0
537,0,0
15589,1,1
608,0,1
2987,1,1
377,1,1
4571,0,0
15149,0,0
18992,0,0
20687,0,0
15145,1,1
20890,0,1
3665,0,1
13037,1,1
4579,1,1
8230,0,0
2573,0,0
2894,0,0
18083,0,0
23873,0,0
26231,1,0
6658,0,0
23340,0,0
26749,0,0
24676,1,1
10348,1,0
3033,1,0
21006,0,0
6614,0,0
5301,1,1
19807,0,1
6099,1,1
22850,1,0
335,1,0
9978,0,1
5750,1,0
3279,1,1
22955,0,0
3825,0,1
14960,1,1
4176,1,1
14962,0,1
8494,0,1
15324,0,0
20147,1,1
23663,0,0
6067,0,0
25389,0,0
26014,0,1
28603,1,1
16347,1,0
15592,1,0
770,1,1
15545,1,1
27717,1,0
25334,0,1
12702,1,1
5765,0,0
5544,1,1
14422,1,1
23931,1,0
19941,1,1
24592,1,1
514,1,1
24525,1,1
13469,1,1
1320,0,0
25997,0,0
10149,0,0
11945,0,0
25641,0,0
15371,0,0
16448,1,1
18054,0,1
13313,1,1
15887,1,1
20015,1,1
5674,1,0
28525,1,1
21036,0,1
12548,1,1
28283,1,0
6945,1,1
20964,0,1
16209,0,1
25231,1,1
6375,1,1
27497,0,0
7493,0,0
26575,0,0
15731,1,1
22418,0,0
24585,0,0
9392,0,1
8525,0,1
28162,0,0
18315,0,1
10201,1,1
25119,0,1
8349,0,0
22764,1,1
27384,1,1
26707,0,1
3870,0,0
13892,1,0
3286,0,0
27853,1,1
24222,0,0
22392,0,0
22756,1,1
21688,0,0
25337,1,1
2160,0,0
7345,1,1
3858,0,0
26538,1,1
14150,1,1
27633,0,1
13783,1,1
6654,0,0
10911,1,1
15166,0,1
27186,1,1
9879,0,1
10872,0,1
7084,0,1
4306,1,1
9147,1,1
6500,0,1
17070,1,1
5021,0,0
4035,0,1
17118,0,0
4125,0,0
18570,0,1
20869,0,0
3947,0,0
23460,0,0
4214,0,1
23820,0,0
5122,1,1
5554,1,1
16041,1,1
2443,0,1
22351,0,0
21959,0,0
17558,0,1
22970,1,0
5334,0,0
20950,1,1
9153,1,1
22426,1,1
1423,1,0
27285,0,1
7282,0,0
9241,0,0
22913,1,1
23018,0,1
2720,1,0
9883,0,0
1788,0,0
6272,1,0
9088,1,1
2173,1,0
14992,0,1
28429,0,0
28492,0,0
10231,1,1
387,1,1
2543,1,1
27211,0,0
18680,1,1
14128,1,1
11813,1,1
24039,0,0
13714,1,1
22550,0,0
3349,0,0
16824,1,1
27639,1,0
5613,0,0
10497,1,1
11780,1,0
11877,0,0
24176,0,0
25808,0,0
19391,0,1
4493,1,1
3015,1,1
14341,0,0
23268,0,0
15161,0,0
25132,0,0
10368,1,1
3062,0,0
10551,0,1
10395,1,1
9890,1,1
19232,0,1
8560,0,1
4069,0,0
24882,0,0
15169,0,1
15404,0,0
10700,1,1
11996,0,1
2676,1,1
13098,0,0
10668,1,1
21428,1,1
25035,0,0
16527,1,1
22058,0,0
3788,0,0
21731,0,0
26624,0,0
14260,0,0
27466,0,1
7842,0,0
8744,1,1
27544,1,0
10775,0,1
19916,0,1
6443,1,0
15046,0,0
4467,1,1
24318,1,0
559,1,1
4388,0,0
8104,0,0
4291,0,0
8149,0,0
10138,0,0
8427,1,1
22348,0,0
26228,1,0
18502,1,1
6793,0,0
3921,0,0
4876,0,1
15832,0,0
9367,0,0
10558,0,0
1775,1,1
14551,1,1
20528,0,0
17243,1,1
21677,0,0
18701,0,1
3260,1,1
14363,1,1
1330,0,0
21416,0,1
7706,0,0
9571,0,0
5711,0,0
17990,1,1
13539,0,0
24377,1,1
9494,1,0
19439,0,1
28533,1,0
20780,0,1
21505,0,0
7598,1,1
10924,0,1
6426,1,0
20167,0,0
22308,0,1
25255,1,1
16413,0,0
25560,0,0
16114,0,1
16503,0,1
23570,0,1
11757,0,0
1140,1,1
16192,1,1
20716,1,1
16233,1,1
14494,0,0
4485,0,0
1217,0,1
20477,0,0
24854,0,0
20799,1,1
26339,0,0
26195,1,1
18454,0,1
4918,0,0
3166,1,1
20468,0,0
15148,0,1
18488,0,0
8172,0,0
13123,0,1
13081,0,0
26356,0,0
8411,0,0
3972,0,0
26399,1,0
22287,0,0
4333,0,1
7683,0,0
2704,0,0
21164,0,0
28475,1,1
12924,1,1
15805,0,1
11953,0,1
6070,0,1
13162,1,1
4917,0,0
3883,1,1
12888,0,0
28282,0,0
17801,0,0
8375,0,0
10174,0,1
12483,1,1
4462,0,0
3995,1,1
5460,0,0
8872,1,1
7963,1,0
8855,0,0
16560,1,1
16348,0,0
22511,0,0
15948,1,1
11804,1,1
9073,0,1
14803,1,1
22583,0,0
11822,0,0
6836,1,1
24252,1,0
1245,0,0
18812,1,1
22369,1,1
21986,1,1
10997,1,1
16497,0,0
3928,1,1
8120,0,0
25121,1,1
4033,0,0
19368,0,0
22381,1,1
11517,1,1
23897,1,1
19430,1,1
4443,1,1
18760,1,1
410,0,0
9780,1,1
4084,0,0
6407,0,0
3449,0,0
6892,0,0
7222,1,1
2395,0,1
15064,1,1
3446,0,1
4623,0,0
12998,1,1
3795,1,1
1287,0,0
21121,0,0
12605,1,1
18336,1,0
7926,1,1
27959,0,0
5173,0,0
22919,1,1
15340,0,1
13706,1,1
17442,1,1
4198,0,0
14520,1,1
22112,0,1
14293,1,1
3417,1,0
3705,0,0
9417,0,0
16557,0,0
7073,0,0
15231,0,1
23365,0,0
25009,1,1
15005,0,1
14490,0,1
27200,1,1
6937,1,1
9090,1,1
24412,1,1
4944,1,1
3124,0,0
13603,0,1
10492,0,1
25851,0,0
9677,1,1
1658,1,1
6984,1,1
24624,1,1
13066,0,1
25857,0,0
10210,0,0
12085,0,0
5153,1,1
26535,0,0
18694,0,0
17283,0,1
2791,0,1
27052,0,0
24327,1,1
26303,0,0
5628,0,0
19998,0,0
1031,0,0
17851,1,1
5310,0,0
19337,0,1
12683,1,1
27252,0,0
10057,0,0
3261,0,1
27638,0,1
18988,0,0
328,1,1
10175,0,1
13828,1,1
20406,0,0
6719,1,1
23705,0,1
20403,1,1
10505,0,0
7835,1,0
1534,1,1
20689,1,1
15454,1,1
26744,0,0
27941,1,0
260,1,1
15800,1,1
28229,1,1
5366,0,0
27613,1,1
9505,0,0
17692,0,0
5807,1,1
21670,1,1
13443,0,0
4099,0,1
27817,1,1
7018,1,1
4668,0,0
6886,1,0
25401,0,1
3213,1,1
9176,0,0
9586,0,1
23921,0,1
7467,0,0
16596,1,1
1684,1,1
9123,0,1
22368,0,0
22768,1,1
18102,0,0
20629,0,0
12634,0,0
24046,0,1
27469,0,0
28595,1,1
21181,0,0
2001,1,0
9182,1,1
9229,1,1
27700,1,1
10918,0,1
27296,0,0
21445,0,1
24717,1,0
11285,1,1
7161,1,1
11281,0,1
11183,1,1
26701,0,0
2492,0,0
6145,1,1
14193,1,1
3651,1,1
8357,1,1
7178,1,1
7634,1,1
22604,1,1
24020,0,1
10915,1,1
20458,1,1
9410,0,1
7332,0,0
4946,1,1
10536,1,1
8295,1,1
10765,0,0
11752,0,0
9759,0,0
138,1,1
22247,1,0
5165,1,1
11469,0,0
14458,0,0
5939,0,1
10748,1,1
9765,0,1
26661,1,0
26050,0,1
16409,0,0
12440,0,1
6702,0,1
27692,1,1
823,1,1
26343,1,1
10681,1,1
6187,0,0
4777,0,1
26041,0,0
6258,1,0
24414,0,0
21388,1,1
23332,1,1
2238,0,1
1414,1,1
8875,1,1
11421,0,0
10321,0,0
3320,0,0
23087,1,1
17709,1,1
28417,0,0
1148,0,0
6372,1,1
26778,1,1
5488,0,0
26361,0,0
27938,0,0
21845,0,0
1162,0,1
15637,0,0
27542,0,0
658,1,1
26972,1,1
27856,0,1
9623,0,0
3596,1,1
1797,1,1
26089,1,1
17000,0,0
25039,1,1
26592,0,1
2104,1,1
17397,0,0
25387,0,0
12813,0,0
10264,1,1
6826,0,0
6127,0,0
10496,0,0
14937,1,1
20178,1,1
23287,0,0
22549,0,0
8421,0,1
23915,1,1
16568,1,1
2255,0,1
7496,1,0
19982,0,0
24436,1,1
23794,0,0
4665,0,1
4567,0,0
3117,0,0
9909,0,0
10555,0,0
4731,0,0
25296,0,0
4624,0,0
2445,0,1
2413,0,1
7822,1,1
14016,1,1
25362,1,1
11431,1,1
21979,0,0
25233,1,1
7031,1,1
22062,0,0
13567,1,0
5408,0,0
5856,0,0
22352,0,0
5368,0,1
28123,0,0
13773,1,1
14751,1,1
27826,1,0
13321,0,1
25335,0,0
6529,0,1
19581,1,1
8430,0,0
27243,1,1
3979,1,1
28236,0,0
16317,1,1
21891,1,1
12490,1,1
825,1,1
17193,0,0
13132,1,0
22623,1,0
25354,1,0
4217,1,1
1729,0,1
22736,0,0
14628,1,1
12789,1,1
11192,1,1
10308,0,1
28508,0,0
9156,1,1
8209,1,1
16555,0,0
3299,1,1
25751,1,1
7709,1,0
13910,1,1
1902,1,1
12955,0,1
23551,1,1
676,1,1
9927,0,0
19012,1,1
11307,0,1
19744,1,1
25428,0,0
28110,1,1
8370,1,1
10344,0,0
6626,1,1
23743,1,1
2467,1,1
23475,0,0
24947,1,1
27570,0,0
24798,1,1
10310,0,0
23359,1,1
7701,1,1
28698,0,0
11710,1,1
22713,0,0
12433,0,0
1250,1,1
26662,1,1
7134,0,1
864,1,1
21496,0,0
19971,1,1
14344,1,1
2033,1,1
21309,1,1
19060,1,1
18226,0,0
17953,0,1
7231,0,0
22680,0,1
24727,1,1
25604,0,0
3708,0,0
14311,1,1
15174,1,1
21744,1,1
5881,0,1
24161,0,0
8355,1,1
44,0,1
22861,0,1
28408,0,0
24369,0,0
7716,1,1
22489,0,0
17471,0,0
20632,0,0
13257,1,1
18236,1,1
16678,1,1
17366,0,0
25485,1,1
892,0,1
5664,0,0
23781,0,0
21543,0,0
43,0,0
18923,1,1
7878,0,0
8518,0,0
3474,0,0
3954,1,1
20172,0,0
18261,0,0
9896,0,0
24292,0,1
20322,0,1
24708,0,0
4379,0,0
19404,1,0
3873,0,0
11738,0,0
23461,0,0
22490,1,0
24269,1,0
4052,0,1
26387,1,0
19507,0,1
10792,0,0
27258,0,0
26344,1,1
1874,0,0
23263,0,0
26918,1,0
6257,1,1
118,0,0
11418,1,1
17481,1,1
3475,0,0
27125,0,1
13222,0,1
13011,1,1
16571,0,0
19824,0,1
12353,0,0
4831,0,0
8096,0,0
4326,0,0
12288,1,1
23825,1,1
10813,1,1
13278,0,0
3171,1,0
27928,1,1
1695,0,0
10834,1,1
10006,0,1
14327,0,1
4855,1,0
2915,0,0
2494,1,1
15775,0,0
22587,1,1
21579,0,1
1020,0,0
12079,0,1
25955,1,1
13964,1,1
12231,1,1
20287,0,1
3543,1,1
53,1,1
3132,0,0
11570,0,0
26916,0,0
13178,1,0
25647,1,1
20248,1,1
7340,0,0
6399,1,1
704,1,1
22967,1,0
10524,1,1
3678,0,0
344,1,1
14727,0,0
20351,0,0
18746,1,1
8563,0,0
9863,0,0
6589,1,1
25522,0,1
18875,0,0
1437,1,0
20310,0,1
4324,1,1
20942,1,0
15650,0,0
26149,0,0
16489,0,0
21694,0,0
10400,0,1
10760,0,0
9187,0,0
20314,1,1
5994,1,0
17212,1,0
1697,0,1
15395,1,1
14616,1,1
6648,1,1
21805,1,1
3397,1,1
7908,1,1
3440,1,0
24830,0,0
26437,1,1
1525,1,1
28765,1,1
22094,0,0
23441,1,1
21874,1,1
2598,1,1
2877,0,0
13311,1,1
3702,0,0
27165,1,0
14219,0,1
12520,0,0
15517,0,1
25717,0,0
14523,0,0
15312,1,1
3847,1,1
16376,0,0
19531,1,1
5712,1,1
24096,1,1
5507,1,1
9728,0,0
1110,1,0
19920,1,1
1076,1,1
16405,1,1
19243,1,1
238,1,1
27803,0,0
15059,1,1
26026,0,0
10522,1,1
12408,0,0
19712,1,1
14999,1,1
19388,0,1
10160,1,1
24588,0,0
23253,1,1
16797,0,0
15780,1,1
7556,1,1
458,0,0
27314,1,1
16901,1,1
6137,0,0
26199,0,1
28678,0,0
14746,0,1
26530,1,1
18718,1,1
18492,1,1
13263,0,1
13885,0,0
17345,1,1
14608,1,1
11674,0,0
10115,0,0
8078,0,0
3221,0,0
10669,1,1
5804,1,0
7374,1,1
7816,1,0
12320,1,1
2940,0,0
10825,1,1
28422,1,1
17222,1,0
20464,0,0
10621,0,0
13863,0,1
15247,0,0
2762,1,1
9104,1,1
7806,0,0
28565,0,0
25817,0,0
18296,0,1
20444,0,1
21553,0,1
18231,0,0
18605,0,0
4315,1,1
8662,0,1
23469,1,1
24965,0,1
16585,0,0
9803,1,1
22249,1,1
6133,1,1
28491,1,1
5175,0,0
20540,0,0
13001,0,1
7760,1,1
20421,0,0
21244,1,1
26831,0,0
20380,1,1
27734,0,0
12569,1,1
15908,1,1
4535,0,1
8351,1,1
16758,0,0
1751,1,1
11682,1,1
16173,0,0
17637,0,1
5046,0,0
6545,0,0
21239,1,1
12740,0,0
28178,0,0
24705,1,1
9291,1,1
568,1,1
26763,0,0
3327,0,1
11853,1,1
22938,0,0
9947,0,0
25118,0,0
12094,0,0
11432,1,1
28201,1,0
13635,0,1
9913,1,1
7855,1,1
18660,0,0
1069,0,0
14402,1,1
11748,0,0
9408,1,1
4934,0,1
24192,1,1
13334,0,0
17421,0,0
24075,1,1
1402,0,1
20975,0,0
15713,1,1
20685,1,1
24084,1,1
16334,0,0
18404,0,1
24449,1,0
24239,1,1
7726,0,0
7162,1,0
9471,0,0
11774,1,0
23321,0,1
17559,0,0
5026,1,1
10276,1,1
23282,1,1
19576,1,1
2818,0,0
16931,0,0
5451,1,1
28082,0,0
13284,1,1
4009,1,0
12319,1,1
6076,1,0
12135,0,1
21850,1,1
8173,0,1
24290,0,0
17792,1,0
17634,0,1
10247,1,1
25075,1,1
1762,1,1
8671,0,0
18981,0,0
11197,1,1
14982,1,1
17137,0,0
16888,0,1
21533,1,1
7354,1,1
25451,0,0
8904,0,0
18089,1,1
1158,0,0
21871,0,1
1640,1,1
617,1,1
19890,1,0
3104,0,0
11000,1,1
17494,0,0
4807,1,0
24013,0,1
27916,0,0
25629,0,0
4087,0,0
5315,1,1
9423,0,1
1292,0,1
6065,1,1
542,1,0
21571,0,0
21307,1,1
11163,0,1
1949,1,0
25439,1,1
12219,0,1
442,0,1
8282,0,1
17961,0,0
25859,0,0
5504,1,1
26525,1,1
20280,0,0
2978,0,0
3252,0,1
17278,1,1
8789,1,1
9645,0,1
11815,1,0
11379,0,0
1675,0,1
11866,0,0
25520,0,1
18132,1,1
12208,0,1
10208,0,1
14722,0,0
4239,0,1
7522,1,1
67,0,1
20837,0,0
5983,0,0
14914,0,1
4049,1,0
28019,0,1
17646,1,1
12206,1,1
24936,0,0
9807,0,0
7169,0,0
9453,0,1
12495,1,1
21557,0,0
2593,0,0
4463,0,1
6745,0,0
13791,1,1
22954,1,1
37,1,1
17781,0,0
28613,1,1
10094,1,1
12892,0,1
4644,0,0
386,0,0
28074,0,0
25379,0,0
17372,1,0
6624,1,1
18621,0,1
16442,0,1
882,1,1
12717,0,0
8380,1,1
17520,0,0
14640,0,0
4620,0,0
22527,0,0
4828,0,0
2721,1,1
24427,0,0
23050,1,1
15016,0,0
5907,1,0
14635,1,1
8915,1,1
23569,0,1
10445,1,1
28452,0,0
12180,0,0
832,1,1
26557,1,1
5316,0,0
12355,1,1
28137,0,0
17695,1,1
25792,0,0
14486,0,0
23319,1,1
24281,0,0
10576,0,0
7152,0,0
16453,0,1
6733,1,1
21099,1,1
10897,0,0
22398,1,1
12385,0,0
19478,1,1
28769,1,1
22119,0,0
9594,0,0
26183,0,1
25437,1,1
13858,0,0
590,1,1
13937,0,0
7890,1,0
9758,1,1
14289,0,0
460,1,1
25614,0,0
18941,0,0
7874,1,1
20475,1,1
6492,1,1
26994,0,0
19757,0,1
21106,1,0
16458,1,1
9283,0,1
1518,0,0
19780,0,0
24131,0,0
27990,1,1
5526,0,0
23245,1,1
15700,0,0
18719,1,1
9965,1,1
12248,1,1
14162,1,0
15917,0,0
23422,0,0
18677,1,1
14172,1,1
2888,0,0
18982,0,1
1551,0,0
12446,0,1
25861,0,0
20552,1,1
16661,0,1
21305,0,1
5701,0,0
17418,0,1
21630,0,1
28221,1,1
6251,1,0
26978,0,0
13882,0,1
20986,0,0
5919,1,1
27169,1,1
6687,0,0
19428,0,1
10959,1,1
14996,1,1
8367,0,0
1226,0,1
10540,1,0
11596,1,1
9067,0,0
21127,1,1
28043,0,0
18560,0,0
22917,1,0
14252,1,1
7315,1,1
23254,0,0
10389,1,1
20227,1,1
14066,1,1
15095,1,1
13025,1,1
14085,1,1
1994,0,1
14067,0,1
19223,1,1
21942,0,0
20670,0,0
12925,1,1
28102,0,0
28342,0,0
21473,0,1
14860,1,1
27069,0,1
1474,1,1
15982,1,1
9668,1,1
16603,0,0
23805,0,0
11116,1,1
26316,0,0
13827,1,0
18662,1,1
19760,0,0
17935,1,1
1939,0,0
3895,0,0
8624,1,1
14310,0,0
2226,0,1
15892,0,0
26885,0,1
26141,1,1
15695,0,0
10366,0,0
27741,0,0
27224,1,0
4899,1,1
15899,0,0
728,1,0
12109,1,1
7448,0,0
20129,0,0
11352,1,1
22649,1,1
17941,1,0
4222,0,0
1724,0,0
7546,0,0
12103,0,0
12796,0,0
2870,1,0
17091,1,1
27582,1,1
6433,1,1
2566,1,1
17623,0,0
8722,0,1
20109,0,0
4150,0,1
806,0,1
19351,1,1
5486,0,0
17567,0,1
18611,0,1
15997,1,1
3256,1,1
20016,0,1
1799,0,0
27722,1,0
26843,0,1
22562,1,0
2899,1,1
2772,1,1
4355,0,1
16622,0,1
22834,0,0
6242,1,1
11847,1,1
5894,1,1
7987,0,0
8210,0,0
11336,0,0
5162,1,1
7433,0,0
2725,0,0
11228,1,1
27705,0,0
21031,1,1
8158,0,0
1412,0,1
13758,0,0
1582,1,0
3530,0,0
10873,0,0
24434,1,0
19485,0,0
15753,1,1
19862,1,0
18227,1,1
5961,1,1
2038,0,0
21110,1,1
16262,0,0
1312,1,1
13522,0,0
4721,0,1
15139,1,0
8939,0,0
19044,1,1
15557,1,1
13945,0,1
9966,1,0
25583,1,0
19984,0,0
14253,1,1
25973,0,0
4939,0,0
4549,0,0
27545,1,1
8359,1,0
27683,0,0
16946,0,0
1135,1,1
780,1,0
20777,1,0
15558,0,0
2680,0,0
5598,0,0
5497,0,0
5527,0,0
20108,0,0
17835,0,0
10618,0,0
13255,0,0
14547,1,0
4555,1,1
11612,0,0
8869,1,1
12178,0,0
19791,0,0
4507,0,0
27847,0,0
11141,1,1
3280,0,0
2601,0,0
17897,0,0
7441,0,0
3296,1,1
26222,1,1
8646,1,1
11174,0,0
22410,1,1
18158,1,1
6750,1,1
18107,1,1
20617,1,1
7779,1,1
21430,0,0
20547,0,1
2804,1,1
6282,1,0
4195,0,0
6469,1,1
28284,1,1
27904,1,1
3270,1,0
18106,1,1
17381,0,0
5355,0,1
3998,1,1
1935,1,1
18048,0,0
9237,0,0
25108,1,1
12402,1,0
23648,0,0
20472,0,0
5508,0,1
14496,1,1
25114,1,1
12159,1,1
10895,0,0
12017,0,0
16282,0,1
28298,0,0
9376,0,0
7629,0,0
22320,0,0
11113,1,1
17587,1,1
14069,1,1
8484,0,1
23514,0,1
9950,0,0
19966,1,1
17403,0,0
4595,0,1
11686,1,1
9204,0,0
7572,1,0
24207,0,0
9108,0,0
12699,0,1
3176,0,1
2344,1,1
13206,1,1
2834,0,1
8931,0,0
25756,1,1
26934,0,0
4593,0,1
22532,1,1
14780,1,1
20002,1,1
6756,1,1
27658,1,1
15429,1,0
10176,1,1
22745,0,0
24551,1,1
22415,1,1
391,1,1
21167,0,0
11869,1,1
27684,0,0
2836,1,1
12818,0,0
27546,0,0
28040,1,1
22271,0,0
14902,0,0
18946,1,1
4515,1,1
22585,1,1
8109,0,0
12389,1,1
19818,0,1
15330,1,1
28561,0,0
24963,0,0
17854,1,1
24575,0,1
24801,0,0
12964,1,1
4887,1,1
19210,0,0
18150,1,1
414,0,0
28366,1,0
16195,0,0
14978,0,1
19566,1,1
18740,1,1
10902,1,1
28386,1,0
2461,0,0
12302,1,1
13765,0,0
1225,0,0
17262,1,1
20857,1,1
872,0,1
4733,0,0
25701,0,1
28324,1,0
18693,0,0
12575,1,1
10539,0,0
24081,0,0
7229,0,0
14955,1,0
5277,0,1
27033,1,0
19132,0,0
16134,1,1
19079,0,0
5081,0,1
1750,1,1
14517,1,1
15568,0,0
27873,1,0
11573,0,0
28375,0,1
25595,0,1
7588,1,1
18117,0,0
26996,0,1
26567,0,0
11729,0,1
14564,1,1
19085,0,0
4297,0,0
6660,0,0
19968,0,0
11201,0,1
3350,1,1
8146,0,0
28172,0,0
17798,0,1
24630,1,1
22765,0,1
24277,1,1
20776,1,1
14167,0,0
26686,0,0
15026,1,1
18175,0,1
19603,1,1
6324,1,0
27294,0,1
3647,0,1
16695,1,1
8748,1,1
19870,1,1
15817,0,1
17733,0,0
8643,0,0
10909,0,0
14452,0,1
26103,1,1
16003,1,1
8639,0,0
28128,1,1
26856,1,1
23733,1,1
7291,0,0
17105,0,0
10590,0,0
12565,1,0
26174,1,1
251,0,0
26709,0,1
5234,0,1
742,1,1
1947,1,1
14083,1,1
2268,1,1
2562,0,1
19896,1,1
489,0,0
3642,0,1
3681,0,0
25514,0,0
22791,0,0
15085,0,0
7271,0,0
22769,0,0
640,1,0
16446,1,1
13016,1,0
5571,1,0
17448,1,1
24335,1,1
18295,0,1
2657,1,1
25886,1,1
22937,0,1
23739,1,1
4560,1,1
2687,1,0
17036,0,1
12398,1,1
8444,0,1
2400,1,1
26552,1,1
25091,0,0
5960,1,1
17029,0,1
28729,1,1
25220,0,0
4722,0,1
9481,1,1
16613,1,1
22325,1,0
4128,1,1
17163,1,1
22999,1,1
12168,0,0
6451,1,1
7877,1,1
7468,0,0
13324,0,0
23788,1,1
26351,1,1
21954,0,0
24040,1,0
25005,0,0
25248,0,0
16760,1,1
25407,1,1
27715,1,1
24032,1,1
25170,1,1
4220,0,0
7484,1,1
6610,0,0
16180,1,1
18789,1,1
13653,1,1
13038,1,1
3871,0,0
3734,1,1
28115,0,0
12810,1,1
4889,0,0
14789,1,1
26682,1,1
9906,1,0
6260,1,1
22252,1,1
2668,1,1
26877,1,1
6895,0,0
1868,0,0
18385,0,0
25504,0,0
9630,0,0
7005,1,1
7111,0,0
17022,0,0
3493,0,0
25846,0,1
26196,1,1
5990,1,1
314,0,0
22794,0,0
5360,1,1
6004,0,1
26762,1,1
15852,1,1
26328,1,0
5062,0,0
25445,0,1
23045,0,0
20867,1,1
9354,1,1
17841,0,0
15979,1,1
10967,0,0
22697,0,0
19454,1,0
13950,1,1
21235,0,0
17074,0,0
5416,0,0
10302,0,1
20405,1,1
12258,1,1
26156,0,0
5435,0,0
12572,1,1
23737,1,0
25709,0,0
26251,1,1
8879,1,1
14828,0,0
26882,0,0
11372,0,0
25842,1,1
28697,1,1
5591,1,1
6540,0,0
25684,1,1
21448,1,0
17949,0,0
5746,0,0
14560,0,0
26420,0,0
28233,0,0
14387,0,0
24409,1,1
1492,1,1
27001,0,0
15410,0,0
6805,0,0
27005,0,0
21330,0,0
16359,1,0
21695,0,1
4174,0,0
15565,0,0
7477,1,1
11635,0,1
508,0,0
14883,0,1
15241,1,1
6478,0,0
3755,1,0
19161,0,1
18676,1,1
13345,1,1
15925,0,0
17731,1,1
16234,0,0
968,0,1
3178,0,1
22754,1,1
5149,0,0
8730,1,1
6277,0,1
10423,0,1
27587,1,1
17208,0,0
1119,0,0
12516,1,1
17185,0,0
23135,1,1
24745,1,1
27385,0,0
21638,0,0
20564,0,0
13646,1,0
23237,1,1
17736,1,1
22668,0,1
22826,1,1
23946,0,0
2209,1,1
20254,0,0
22700,1,1
21721,0,0
16521,1,1
3769,0,0
3080,1,1
8864,1,1
3772,1,1
17720,1,1
16207,1,1
5683,1,1
12401,0,0
20751,0,1
15200,1,0
12509,1,1
3625,0,0
8785,0,1
16766,1,0
18588,0,1
10360,1,1
12223,0,0
6538,1,1
7673,0,1
1712,1,1
28237,0,0
8772,0,0
6615,1,1
22581,0,0
24819,0,0
25307,1,1
18430,0,1
930,1,1
13024,1,1
5061,1,1
14641,0,1
3429,0,0
19214,0,0
23071,0,0
14125,0,0
9234,1,1
6839,1,1
22590,1,1
14549,1,1
20644,0,0
1419,0,1
5003,0,0
17150,1,1
18388,1,1
13366,0,0
3099,0,0
21984,1,1
3142,0,0
666,0,1
26566,0,0
7305,0,1
25951,1,1
19316,1,1
2812,0,0
23435,0,0
1428,1,0
19772,1,0
24548,1,1
3675,0,1
12845,0,0
7828,0,0
12352,1,1
23769,1,1
6679,1,1
21869,0,0
6180,1,1
13064,0,0
25804,0,0
17436,1,1
24563,1,1
2068,0,0
22827,0,0
4699,1,1
55,1,1
6673,1,1
4950,1,1
14350,0,0
13463,1,1
7091,0,0
15167,0,1
24117,1,1
7110,1,1
26033,1,0
894,1,1
4997,1,0
17727,0,0
16211,1,1
15308,0,0
18543,0,0
5087,1,1
16014,1,1
27909,0,0
3273,1,1
9621,0,1
1527,0,1
18480,0,1
19302,0,0
26273,1,1
17524,0,1
7662,1,1
23638,0,1
24526,0,0
25562,0,1
3010,1,1
4929,0,0
17215,0,0
13368,0,0
4544,1,0
16519,1,1
28421,0,0
27104,0,1
18818,1,1
27547,1,1
22656,1,1
18770,1,1
19308,1,1
7998,0,0
4408,0,1
1719,1,1
25872,1,1
18486,0,0
25476,0,0
28772,0,0
14415,0,0
1049,1,1
11068,0,0
28675,0,1
9454,0,1
23216,0,1
10487,0,0
8305,1,1
2154,1,1
11263,1,1
25213,1,1
12941,1,1
9039,0,1
15847,1,1
15073,1,1
26772,1,1
22786,0,0
18212,0,0
25028,1,0
5294,0,1
4448,1,1
11948,0,0
413,0,1
24189,0,0
4957,0,1
22425,1,1
19914,0,1
20973,0,0
15612,0,1
3554,1,1
2045,1,1
7451,0,0
16748,0,0
23812,1,1
6510,0,0
2364,0,0
2025,1,1
1970,1,1
5232,1,1
3888,0,0
27184,1,0
28261,1,1
25167,0,0
12944,1,0
4253,1,1
18622,0,0
17571,0,0
3612,0,0
18696,1,1
19811,1,1
25722,0,0
11539,0,1
15033,1,0
1570,0,0
4787,1,1
9427,0,0
17552,1,1
7937,0,1
16140,0,0
8238,1,1
18929,0,0
13667,0,0
22703,1,1
3501,1,1
17905,0,1
24219,0,0
20323,1,1
9334,1,1
17643,1,1
12896,0,0
28664,0,0
17974,1,1
25987,0,0
14192,0,0
20553,1,1
10607,1,1
23768,1,1
20807,0,1
17427,1,1
6723,1,1
17632,0,0
23490,1,1
25010,1,0
6059,0,0
2667,1,1
305,0,0
2640,0,0
24678,0,0
5330,0,1
6761,1,1
7081,0,0
20749,0,0
13594,1,0
4986,0,1
25414,0,0
24014,0,1
21851,0,1
20235,0,0
13833,1,1
23749,0,0
25105,1,1
22040,0,0
27250,1,1
581,0,0
10971,0,0
26553,1,1
1004,0,0
10441,0,0
20960,1,1
18559,0,0
3051,1,1
24871,1,0
13050,1,1
23602,1,1
2294,0,0
9379,0,0
26982,0,0
18742,1,1
6314,1,0
4142,0,1
23676,0,0
1769,0,0
886,0,0
24732,0,0
11104,0,0
15098,1,1
21433,0,0
28260,0,1
12303,0,0
12367,0,0
10989,0,0
27131,1,1
23604,0,1
24186,0,0
3050,1,1
5690,1,1
403,1,1
21589,1,1
15403,1,1
27439,1,1
24245,1,1
9455,1,0
24934,1,1
1255,0,0
20511,1,1
14290,0,0
5834,0,1
21697,0,0
28444,0,0
4157,0,0
3933,1,1
18922,1,1
24517,1,1
8426,1,1
23839,0,0
2016,1,1
14897,1,1
15450,0,1
20826,1,1
21098,0,0
25202,0,1
2459,1,1
26587,0,1
16332,1,1
12108,0,0
3936,0,0
5299,0,0
3919,0,1
12361,0,1
153,0,0
27503,0,0
20077,0,0
19111,1,1
4226,0,1
5835,1,1
11995,1,1
17277,0,1
4321,1,1
2320,0,0
17603,0,0
19162,1,1
27509,1,1
28666,0,0
753,0,1
19558,1,1
17491,0,0
14020,0,0
28059,1,1
23385,0,0
27192,0,1
18146,0,0
18490,0,0
2404,1,1
16089,0,0
24010,0,0
10399,0,0
12271,1,1
20106,0,0
9988,0,0
5171,1,1
1781,0,0
4792,1,1
3468,0,1
11395,1,1
18736,1,1
1896,1,1
14379,0,1
17985,1,0
22505,0,0
23017,0,0
21955,0,0
25165,1,1
8102,1,1
3370,1,1
28144,1,1
26745,1,1
24356,0,0
28764,0,1
8086,0,0
26878,0,0
12815,1,1
11592,1,0
15867,0,0
14483,0,0
23241,0,1
9649,1,1
20201,1,1
10587,1,1
26716,1,1
2695,0,0
24408,1,0
10053,1,1
19762,0,1
25922,0,0
12253,0,0
17023,0,0
3021,1,1
19078,0,0
324,0,0
7545,1,1
10467,1,1
4211,1,1
9415,1,1
9858,0,1
24198,0,0
1978,1,1
13497,1,1
22042,0,0
13316,1,1
7616,1,1
26073,1,1
17332,0,0
10078,0,0
1581,0,1
425,1,0
16351,0,0
4494,0,1
6684,0,0
9305,0,1
6968,0,1
14529,0,0
23536,0,0
26859,1,1
23851,0,0
8959,0,1
8041,0,0
23700,0,0
24944,0,0
24718,1,1
13258,0,0
20958,0,0
23687,1,1
2152,0,0
19001,0,0
20443,0,0
1173,0,1
18222,1,0
10548,0,1
28334,0,0
26358,0,0
13285,1,1
19355,0,1
7397,1,1
579,0,0
22693,1,1
18578,1,1
13799,1,1
18124,0,0
2503,1,1
22808,0,0
21114,1,1
16137,0,0
18011,0,0
3637,0,0
25274,1,1
161,0,0
22463,0,0
8709,1,0
5694,0,0
28312,1,1
13300,1,1
23913,1,1
21700,0,1
11412,1,0
14179,1,1
2178,1,1
9681,0,0
9692,1,1
9786,0,0
26096,0,0
3126,1,1
20131,1,1
26057,1,1
28514,0,0
17132,1,0
8250,0,0
24149,0,0
1911,1,1
3072,0,0
1016,1,1
23675,0,0
16190,0,0
18052,1,1
17527,0,1
16564,0,0
2854,1,1
15515,0,0
21733,1,1
10506,0,0
12122,0,1
21950,1,1
12919,1,1
1668,1,1
13065,1,0
24491,1,1
16360,0,0
8097,1,1
4990,1,1
3738,1,1
24904,1,1
20307,1,1
24484,1,1
17439,1,1
14912,0,0
2107,0,1
10816,0,0
6567,1,1
14090,0,0
1471,1,1
6830,0,1
7577,0,0
959,1,1
20510,0,1
3147,1,1
12706,1,1
2823,0,0
12592,0,0
2707,0,0
8450,1,1
12150,1,1
11056,0,0
6504,0,0
7410,1,1
14563,1,1
11901,0,0
8951,0,0
16081,0,0
18688,0,1
18708,0,0
2943,1,1
10852,1,1
7894,0,1
20353,0,0
11926,0,1
7969,0,0
2368,1,0
21800,1,0
17721,1,1
10309,0,1
21143,0,0
23815,1,0
10660,0,0
14433,1,1
5520,1,1
19985,0,0
7420,0,0
8834,0,0
1866,1,1
9876,1,1
17912,0,0
8878,0,1
13912,0,1
5455,1,1
11287,1,1
27776,0,0
9628,0,0
23550,0,0
21981,1,1
27267,1,0
15025,0,0
17493,1,1
13129,1,0
6989,1,1
20184,0,1
3855,1,1
1276,0,0
13189,0,1
2574,1,1
4167,0,0
4719,1,1
475,1,1
22620,0,0
16316,0,1
4903,1,1
2571,1,0
11955,1,1
20182,0,0
13810,1,0
9213,1,1
5454,1,1
10657,0,0
2702,0,1
7876,0,0
3815,1,1
14122,0,1
24021,0,1
15712,1,1
15058,0,0
6002,1,0
18277,1,1
24791,0,1
26650,1,1
24314,0,0
16714,1,1
1044,0,1
6764,1,0
7226,1,1
12952,1,1
9769,0,0
2965,0,0
8613,0,0
18501,1,1
4189,0,0
3005,1,1
18709,0,0
15209,0,0
28689,1,0
18948,0,1
18637,0,0
25041,0,0
10595,0,1
21663,0,0
693,1,1
28738,0,0
1078,0,0
28112,0,0
415,0,0
20229,0,0
13528,0,0
13468,0,0
14801,0,0
14091,0,1
5013,0,0
22318,0,1
26170,1,1
7815,0,0
1085,0,0
7627,0,0
26493,1,1
18401,1,0
11357,1,1
614,0,1
24351,1,0
11224,1,0
11369,0,1
13683,0,1
9626,0,0
13095,1,1
26408,0,0
14862,1,1
9375,1,1
16018,1,1
12852,0,0
14776,1,1
6703,0,0
10294,0,0
528,1,1
25133,0,0
19137,0,1
22648,0,0
13262,0,0
13437,1,0
3318,0,1
16847,0,0
3044,0,0
13054,0,0
28005,1,0
3866,0,0
19217,0,1
12792,0,0
5080,0,0
6131,0,0
15668,1,0
13266,0,0
17013,0,0
14846,0,0
22292,1,1
25346,0,0
14445,1,1
3439,1,1
2529,1,1
23508,1,1
816,0,0
15617,0,0
15789,0,0
298,0,0
12334,0,0
17255,1,0
4810,1,1
1721,1,0
22638,0,0
6284,0,1
14906,0,0
11932,0,0
21243,0,1
25207,1,1
5548,0,1
26220,0,0
11964,1,1
10786,1,1
7320,0,1
3841,1,1
25926,1,1
19086,1,1
14796,1,1
23417,0,0
312,0,1
15977,1,1
6598,1,1
26012,0,0
1297,1,1
12162,1,1
13137,1,1
28567,1,1
16329,0,0
5997,0,0
13845,1,1
15055,1,1
880,1,1
1261,0,0
27111,0,0
25742,0,0
18550,0,1
25799,0,0
17774,1,1
23905,0,1
24555,0,0
15348,1,1
7184,0,0
15945,1,1
5034,1,1
26573,1,1
23115,1,1
3749,0,1
19868,0,1
648,1,1
14155,0,1
18947,0,0
12209,0,1
14462,0,0
13842,0,1
11128,0,0
3063,0,0
28671,1,0
11892,0,0
6542,0,0
27619,0,0
23523,0,1
5918,1,1
6219,1,0
12861,1,1
9840,0,0
26595,1,1
21847,0,0
24677,0,1
25219,1,1
19304,0,0
28046,1,1
2163,0,0
15527,1,1
28699,0,1
19853,0,1
15133,1,1
24074,0,0
343,1,0
8480,0,0
13584,1,0
10335,1,1
17331,1,1
18710,1,1
14931,0,0
15976,0,0
18958,1,1
17224,0,1
6098,0,1
25830,0,1
14051,0,0
13804,1,1
4075,1,1
12903,0,0
1790,0,0
16925,0,1
25438,1,1
18722,0,0
19972,0,0
21396,1,1
6235,0,0
19929,1,1
9804,1,1
14739,0,1
21251,0,1
4345,0,1
19408,1,1
4116,1,0
9351,0,0
17121,0,1
12326,1,1
3301,0,1
14108,0,1
8161,0,1
26452,1,1
9520,0,0
24396,1,1
9842,0,1
26681,0,0
25739,1,1
854,0,0
19532,0,0
15445,0,0
25298,0,0
5842,0,1
522,0,0
14809,1,1
28706,1,0
23184,1,1
12099,0,0
13973,1,1
17284,1,0
22824,1,0
23368,0,0
1823,0,0
20163,0,0
1507,0,1
28456,1,1
20638,0,0
14717,0,1
19353,0,1
21859,0,0
21658,1,1
8389,0,0
13225,0,0
22658,1,1
11763,0,0
3523,0,0
27067,0,0
15880,0,1
5436,0,1
25152,1,0
14075,0,0
12713,1,0
4999,1,1
16559,0,1
10234,0,0
28173,0,0
9963,0,1
13805,1,1
9276,1,0
4770,1,1
15953,1,1
6594,1,1
19789,1,1
27199,1,0
4218,0,0
7781,1,1
20841,0,0
19468,0,0
15870,1,1
10026,0,0
10062,1,1
26058,0,1
26683,0,1
9287,0,0
26404,0,1
16697,0,0
11725,0,0
26847,1,1
14565,1,1
6846,0,0
18831,0,0
19317,0,0
15334,0,1
14724,0,0
24666,0,1
8313,0,0
18371,1,1
10017,0,0
8593,1,1
6038,0,0
369,1,1
26502,0,0
13808,0,0
26773,0,1
15007,0,0
12468,1,0
5639,1,1
26507,0,0
19970,0,1
18050,1,0
4320,1,1
8767,1,1
4459,0,1
15582,1,1
13155,0,1
22876,0,0
26489,0,0
8888,1,1
26761,1,1
25257,0,0
6169,0,1
26333,0,0
16840,0,0
2889,1,1
14612,0,0
27444,0,0
17790,0,0
20357,0,1
10008,0,0
421,0,0
12729,1,1
23296,0,0
4016,0,1
21526,0,1
22922,0,0
23084,0,1
20336,1,1
8934,0,0
16507,0,1
2722,1,1
20522,1,0
9295,0,1
1377,1,1
9819,1,1
17337,0,0
3868,0,0
26829,1,1
22600,0,0
14425,1,1
9924,0,1
23456,1,0
7059,0,0
4970,1,1
13281,1,1
2802,1,0
16635,0,0
25998,0,0
14944,1,1
12050,0,0
866,1,1
24105,1,1
64,0,0
5837,1,1
13941,0,0
11557,0,0
13930,0,1
5214,0,0
24206,1,1
12285,0,0
27135,0,0
26508,1,1
18774,1,0
24535,0,0
14938,1,1
2793,0,0
15262,0,0
21629,1,1
572,0,1
1623,1,1
20037,0,0
275,0,0
22100,1,1
5651,1,1
3083,0,1
1427,1,0
17136,0,0
11334,0,1
7560,0,0
6069,0,0
25694,1,0
15335,0,1
13822,0,0
12656,0,0
17859,0,1
21103,1,0
2822,0,0
15642,0,0
13710,0,0
232,0,1
11786,0,1
13763,0,0
6913,0,1
11994,0,0
21692,0,1
22192,0,0
9757,1,1
4784,0,0
24453,1,0
2234,0,1
16632,0,0
14411,0,0
21451,0,0
26844,1,1
8177,0,0
16977,0,1
20358,0,0
705,1,1
15063,0,0
26477,0,0
11818,1,1
25400,1,1
3673,1,1
19363,0,0
5955,1,1
20516,0,0
24565,1,1
618,1,1
20639,0,1
8913,1,0
20784,0,0
27864,1,1
28668,1,1
2282,0,1
9476,0,0
10943,1,1
4870,0,0
372,0,0
19386,0,0
1408,0,0
27775,1,1
7301,0,0
15010,0,0
6243,1,1
17080,1,1
1594,0,1
15969,0,1
6639,0,0
18018,1,0
21201,0,0
27032,1,1
24143,1,1
5989,1,1
4378,0,0
19683,0,0
22107,0,1
27391,1,1
28054,1,1
16979,1,1
23710,0,0
4201,0,0
15458,0,0
2552,0,0
4243,0,1
25412,0,1
14843,1,0
15660,1,1
10447,0,0
19448,0,0
16810,0,1
986,0,0
25878,1,1
3532,1,1
5016,1,1
7564,1,1
22190,1,0
26741,1,1
5309,0,0
1369,1,0
8222,1,1
17538,1,1
23225,0,0
20216,0,0
11453,0,1
11745,1,1
976,1,0
10667,0,0
18272,0,0
4077,1,1
25779,1,0
4070,0,0
12340,0,0
27597,1,1
16556,1,1
28276,1,1
21372,0,0
22675,1,1
3747,0,0
25706,0,0
8410,0,0
1945,1,0
21872,1,0
22162,0,0
27564,1,1
7742,0,0
27515,1,1
24529,0,0
13955,0,0
23334,1,1
28085,0,1
12324,1,1
11464,0,0
6460,1,0
23876,0,0
4628,1,1
10319,1,1
25929,0,0
22382,0,1
2056,1,1
28247,1,1
23650,0,0
22106,1,1
25417,1,1
21693,0,0
8862,0,0
21091,0,0
21704,1,1
27969,1,1
7321,1,1
261,0,0
7246,1,1
28143,1,1
4121,1,1
2859,1,1
8129,0,0
12187,0,0
6593,0,0
9968,0,0
3464,1,1
8700,1,1
3226,1,1
19734,0,0
7605,0,0
8844,0,0
26171,1,1
9664,1,1
17952,1,1
12309,1,1
6782,1,1
8428,0,0
22738,0,0
21003,1,1
26541,1,1
15277,0,0
2910,0,1
25126,1,0
16246,0,1
18776,0,0
15529,0,0
9236,0,0
9511,1,1
16430,1,0
13975,0,0
5905,1,1
19894,0,0
8212,0,0
11454,1,1
9943,0,0
17232,0,0
21921,1,1
26965,1,1
20062,0,0
10577,1,1
26998,0,0
8489,0,0
15000,1,1
16863,1,1
1652,1,1
5377,0,1
1139,1,1
11420,0,1
5064,1,1
9582,0,0
802,1,1
24135,1,1
6835,0,1
21567,0,0
393,1,1
4460,0,0
20303,1,1
14998,0,0
24750,1,1
22060,0,0
20693,1,1
13601,1,1
18060,0,0
24646,0,0
25939,0,0
22174,0,0
25073,1,1
27844,1,1
9098,0,0
20585,0,0
28174,1,1
20083,0,0
4754,1,1
8776,0,0
19538,0,0
5518,0,1
27096,1,1
16641,0,0
18009,0,1
11802,0,0
13059,1,1
18074,1,1
2953,0,0
19437,0,0
3622,0,1
23678,1,1
20882,0,0
21565,1,0
23640,0,0
115,1,1
16962,1,1
3960,1,1
7954,1,1
25391,0,0
7897,0,0
5640,0,1
4383,0,0
13274,0,0
26751,1,1
2887,0,0
25415,1,0
10448,0,0
7043,0,1
7432,0,0
22350,0,0
11968,1,0
6931,0,0
9275,1,1
2523,0,0
21149,1,1
4177,1,1
13483,1,1
27908,1,1
15421,0,1
492,1,1
15703,0,0
11821,0,0
27119,1,1
5864,0,1
6139,1,1
5240,1,1
2621,0,1
19246,0,0
10483,1,0
17608,1,0
18309,0,0
19373,1,1
9260,1,1
8997,0,0
12269,1,1
21126,0,0
16079,1,1
9490,0,0
3911,1,0
374,0,0
4085,0,1
11039,1,0
17659,1,1
4252,0,0
2131,1,1
20220,0,0
2761,1,1
6096,0,0
15070,0,0
14319,1,1
14074,1,1
16441,0,0
17289,0,0
18747,0,1
10013,1,1
19287,0,0
6851,0,1
9647,0,0
18024,0,0
19588,1,1
5789,1,0
4869,1,1
14765,1,1
3757,1,0
7623,0,1
15477,1,1
27870,1,0
25918,0,0
7274,1,1
5326,0,0
14848,0,1
28391,1,1
9151,0,0
2786,0,1
12024,1,1
11211,0,0
12337,1,1
3696,0,0
27260,0,0
9985,0,0
1192,1,1
15296,1,1
23489,1,1
12682,1,1
23582,0,1
23167,1,1
13618,1,1
7757,0,0
4851,1,0
22647,1,1
20260,0,0
2697,1,1
15435,0,1
6659,1,1
21092,0,0
24274,0,0
19148,1,0
14943,0,0
5585,1,1
25654,0,1
6293,0,0
25322,1,1
14632,0,0
744,0,0
23882,1,1
7957,1,0
12477,1,1
7428,1,1
147,1,1
1602,0,0
8081,0,0
11578,0,0
11241,0,1
22616,0,0
20338,1,1
6238,1,1
4458,1,1
5305,0,1
15537,1,1
6831,1,1
23693,1,1
20582,1,1
6280,1,1
28744,1,1
17144,0,1
28708,1,1
26208,1,1
9032,1,1
3742,1,1
69,1,1
25329,1,1
15729,0,0
5146,0,0
16516,0,0
21554,1,1
15184,0,0
28404,1,1
1374,0,1
12228,0,0
2954,1,1
27275,1,0
8416,0,0
22147,0,1
6601,1,1
18098,1,1
18664,0,0
5760,1,1
3684,0,1
16670,0,0
12481,0,0
25174,1,1
23959,1,1
16362,1,1
17946,0,0
21310,0,0
4032,0,0
17461,0,0
27943,1,1
24229,0,0
22338,1,1
22480,0,1
13309,0,0
20893,1,1
28160,1,1
18412,1,1
17711,1,0
16938,0,1
17626,0,0
19384,1,0
2561,0,1
13330,1,1
11479,1,1
4224,1,1
11859,0,0
11581,1,1
733,1,1
11208,0,0
5477,0,0
548,0,0
9816,1,1
19994,1,0
3242,0,0
774,0,0
24682,0,1
11440,1,0
27707,1,1
12454,0,0
14561,0,1
8260,1,1
18612,0,1
16168,0,0
4454,0,0
28614,0,0
23584,0,1
6209,1,1
28457,1,1
4862,1,1
27392,1,1
6073,0,0
9349,0,0
21438,1,1
20554,1,1
3043,0,1
8457,0,0
2602,1,1
14347,0,0
14244,1,1
6890,0,1
28230,0,0
13406,1,1
7856,0,0
27019,1,1
24374,0,0
20345,0,0
27239,1,1
26086,1,0
18156,0,0
1905,0,0
15394,1,1
12601,1,1
27208,0,1
21976,0,0
23895,0,0
432,1,1
7654,1,1
12546,1,1
3508,1,1
14878,0,0
5669,1,0
5322,1,1
2636,0,0
4697,0,0
11148,0,1
11035,0,0
19817,0,1
10224,0,1
18294,1,1
16814,0,0
21974,1,1
6335,1,1
23634,1,0
551,1,0
19365,0,0
24997,1,1
5008,1,1
11793,0,1
26755,1,0
8808,1,1
5596,1,1
7918,0,0
15968,0,0
7046,1,1
7017,1,1
1809,1,0
23600,0,0
5244,0,0
25406,0,0
20876,1,0
11423,0,1
10747,1,1
19528,0,0
2613,0,0
9957,0,1
16267,1,1
12826,0,0
10907,1,1
16573,0,0
6861,0,0
4357,1,1
16420,0,1
6514,1,1
1710,1,1
18903,1,1
25191,1,1
20544,1,1
13871,0,0
4234,1,1
9893,0,0
23698,1,1
10585,0,1
2155,1,1
3558,0,0
20691,0,1
6364,1,1
17929,1,1
24489,0,0
20935,1,1
26379,1,1
15507,1,1
13302,1,1
24437,1,1
27779,0,0
22908,0,0
5562,1,1
17282,0,0
211,1,1
26359,0,0
22992,1,1
15275,1,1
26518,0,1
17613,1,1
5675,1,1
21144,1,1
10661,1,1
27164,0,0
18141,1,1
2141,1,1
1592,1,1
28524,1,1
19314,0,1
27146,0,0
28762,1,1
22264,1,1
11366,1,0
19357,0,0
6678,1,1
5870,0,0
16131,1,1
27701,0,0
14979,1,1
14760,1,1
5053,0,1
5867,1,1
8373,1,1
4572,1,1
26973,1,1
11021,0,0
15313,0,1
13696,1,1
14103,1,0
15036,0,0
20195,1,0
5465,0,1
7054,1,0
15770,0,0
20,1,0
20017,0,0
787,1,1
5941,0,1
4060,1,1
9917,0,0
7810,0,0
15387,0,0
490,1,0
15129,0,0
10209,1,1
21804,1,1
7824,1,0
25635,0,0
17760,0,1
10879,0,0
21606,1,0
3361,0,0
2684,0,1
5984,0,1
10703,0,1
4547,1,0
27655,0,0
5974,0,1
15702,0,0
15929,0,0
11165,0,0
26467,0,1
9697,0,1
28358,0,0
9416,0,1
15831,1,1
26600,1,1
14939,1,1
19509,1,1
25286,0,0
22884,0,1
17597,0,1
26724,0,0
7000,1,1
21558,1,1
18628,0,0
14882,1,0
21308,1,1
12928,0,0
13999,1,1
3898,0,1
24424,1,0
14925,0,0
9870,1,1
3144,1,0
24259,0,0
3034,1,0
24031,0,0
20176,0,0
26499,1,0
24204,0,1
14294,0,1
12606,0,0
5471,0,0
6786,0,0
13472,1,1
11628,1,1
19390,0,0
2079,1,1
24568,1,1
21045,1,1
10213,1,1
18413,0,1
703,0,0
3820,1,0
7253,0,1
24838,0,1
21833,0,0
11057,1,0
22054,0,0
4137,1,1
4586,0,0
26117,0,0
18572,0,1
10146,0,0
11613,1,1
3175,1,1
2781,1,1
20497,0,0
2481,0,0
24655,1,1
16145,1,1
8648,1,1
13306,0,0
17443,0,1
13304,1,1
839,0,0
23023,1,0
12558,1,1
9064,1,0
19779,1,1
11118,1,1
15842,0,0
1209,0,0
14214,0,0
8223,1,1
18999,0,1
4233,0,0
8111,1,1
17130,0,1
26296,1,0
6434,0,1
26422,0,0
3258,0,1
4627,0,0
27041,0,1
4468,0,0
7003,0,0
7342,1,1
12458,0,1
28531,1,1
9124,0,0
27772,0,0
23320,0,0
8745,0,0
16154,0,0
4204,0,0
18115,1,1
23418,0,0
21402,0,0
21819,1,1
20136,1,1
22492,0,1
18406,0,0
3090,0,0
27092,0,0
16132,0,0
1284,1,1
16624,1,1
1615,0,1
18027,0,0
4425,1,1
24755,1,0
4133,1,1
10429,0,0
10388,0,0
21225,0,0
1924,0,1
6239,1,1
28387,0,0
5098,0,0
6212,0,0
22399,0,0
16230,0,0
13757,1,1
16788,1,0
13485,0,0
3766,1,1
13425,1,1
24472,0,1
946,0,0
21787,0,1
600,1,0
12587,0,1
17390,1,1
404,0,0
20149,0,0
2482,1,0
25528,0,0
2556,1,1
26285,0,0
11522,1,0
19809,1,1
19923,1,1
8002,0,0
21771,1,1
10815,0,1
11939,1,1
28396,0,0
3146,0,0
8024,0,0
25206,0,1
9814,0,0
12757,0,0
21719,1,0
21947,0,0
6226,1,1
22203,1,1
4186,0,0
6774,0,1
4045,0,0
17252,0,1
5273,1,1
15256,0,0
6455,0,0
9617,0,1
4091,0,0
19032,1,0
4354,0,0
2394,1,1
23813,0,0
21233,0,0
23036,1,1
25530,0,0
12582,0,1
24056,0,1
9371,0,1
26503,0,0
26574,1,1
17531,1,0
7150,0,0
21715,0,0
12689,1,0
28597,1,1
8353,1,1
2024,1,1
11290,0,1
16412,1,1
13607,0,0
20346,0,0
5178,0,1
10799,1,1
15594,1,1
7935,1,1
25253,1,1
1424,1,0
26283,1,1
17363,0,0
39,1,1
841,1,1
5830,0,0
17388,1,1
4439,0,0
16165,0,1
760,0,0
17174,0,0
25282,1,0
25195,1,0
17389,1,0
16436,1,1
5192,1,1
18972,0,0
764,0,0
27462,1,1
15315,0,0
20355,1,1
11872,1,1
28057,1,1
18069,0,0
5241,1,0
4755,1,1
4590,1,1
5714,0,0
5387,0,0
22015,0,0
25876,1,0
28009,0,0
8163,1,1
15819,0,0
9285,0,0
24340,1,1
3497,0,0
20070,0,1
24544,1,1
26795,0,1
14579,1,1
4987,1,1
18120,1,1
16960,0,0
2866,0,1
12877,0,0
21364,0,0
18351,0,0
15651,1,1
22787,1,1
16001,0,0
23696,1,0
15548,1,1
28694,0,0
4078,0,0
3989,0,1
25968,1,1
23024,0,0
12899,0,0
9787,1,0
25083,1,1
11678,0,0
22715,0,1
16677,0,0
17855,1,1
10770,1,1
4382,1,0
22530,1,0
12422,1,1
10871,1,1
23986,1,1
6479,1,1
11620,0,0
5740,1,1
133,0,0
1101,0,1
5007,0,0
15972,1,1
3484,1,1
9537,0,0
3007,0,0
28460,1,1
21318,0,0
18449,0,0
14489,0,0
28740,0,1
9526,0,1
12156,0,0
6918,0,0
18960,1,1
21818,1,1
6685,1,1
18527,1,1
27617,0,0
24613,0,0
1421,0,1
20087,1,1
26435,0,0
20768,0,1
26902,0,0
26257,0,0
20208,0,1
2010,1,1
27660,0,0
26800,1,1
20891,1,1
14002,1,1
22036,1,1
4763,1,1
18407,0,1
19239,1,0
24818,1,1
12284,0,0
27852,0,0
1846,0,1
25319,0,1
24719,1,1
3391,0,0
21044,0,0
23164,1,1
28522,1,0
14453,1,1
16647,1,1
1907,1,1
6644,0,1
11415,0,0
8200,1,1
6106,1,1
18307,1,1
15056,1,1
25867,0,0
19338,0,0
3639,0,0
11629,1,1
16763,1,0
9782,0,0
3607,0,1
14159,0,0
27334,1,1
17272,0,1
10021,0,0
9939,1,1
28588,1,1
11380,0,0
27712,1,1
18467,0,0
21769,1,1
22080,0,0
1580,0,0
24125,0,0
2982,0,0
12125,0,0
1903,1,0
2526,1,0
27884,1,1
3528,1,1
2429,0,0
27330,0,1
19311,1,1
10888,0,1
1701,1,1
7932,1,1
2658,0,1
7548,0,0
17565,0,1
4495,0,1
9997,1,1
11692,0,0
26201,1,1
23780,1,1
8544,0,0
20361,1,1
3026,1,0
16934,1,1
27736,1,1
6568,0,1
5140,0,1
15616,1,1
18932,0,1
20414,0,0
13113,1,1
26637,1,1
19208,0,1
5832,1,1
12472,1,1
5538,0,0
14044,1,1
9923,1,1
3623,0,0
10963,0,0
12000,0,1
7443,1,1
1047,1,1
5133,0,0
5647,1,1
8632,0,1
16968,1,1
15506,1,1
26956,0,0
999,0,0
28295,1,0
16620,1,1
2936,0,0
19215,0,0
1358,1,1
1355,1,1
26389,0,0
16783,1,1
11827,1,1
6015,0,1
14611,1,1
13521,1,1
8540,1,1
2420,0,0
6731,0,0
14256,0,0
6400,0,0
8771,1,1
1878,1,0
11040,1,1
3851,1,1
14456,1,1
284,1,1
10184,0,0
4284,1,0
16279,1,1
1700,0,0
2422,1,1
12506,1,1
15048,1,1
8591,0,0
13711,0,1
18547,0,0
8016,1,1
23179,1,0
22296,1,1
6271,0,0
27493,0,0
861,1,1
18046,0,1
6136,0,0
23131,0,0
28239,0,0
10481,0,0
22783,1,1
12511,0,0
14781,1,1
330,0,0
2302,1,1
1597,0,0
19141,1,1
25761,1,1
22017,0,0
9186,0,0
24992,1,1
12801,1,1
9622,0,1
21284,1,1
25004,1,1
18145,1,1
8400,1,0
204,1,1
20868,1,1
20804,1,0
24482,0,0
5242,0,1
17775,1,0
25290,1,1
8315,0,0
3753,0,0
23168,1,1
21943,1,0
26932,1,1
16985,1,1
27674,1,1
1611,0,1
9999,0,0
23305,1,1
19366,1,0
24177,1,1
12507,0,0
27516,1,1
7319,0,1
26738,0,0
20493,0,0
2734,1,1
15973,1,1
23771,0,0
11666,0,0
2057,0,0
12708,1,1
27034,0,0
20302,0,0
20990,0,1
26363,0,0
24757,0,0
10372,1,1
5195,1,1
28465,0,0
25839,0,0
18971,0,0
17351,1,1
27225,0,0
12296,1,1
4172,0,1
25705,0,0
8710,0,0
23996,0,0
21929,1,0
12700,0,1
10744,1,1
20075,1,1
11008,0,0
356,1,1
22804,1,1
3513,0,1
24283,1,1
21762,1,1
11614,1,1
11025,1,1
24975,0,0
2036,1,1
16612,1,0
19553,0,0
12001,1,1
15383,0,0
19082,0,0
28640,0,0
11392,1,1
3869,0,0
22221,1,0
7343,1,1
4364,0,0
13370,1,0
1277,1,1
24016,1,1
10993,1,1
24454,1,0
8703,0,0
24660,0,0
20456,0,0
22390,1,1
5442,0,0
9740,1,1
8339,1,0
20476,1,0
28297,0,1
24542,1,1
11011,0,0
814,1,1
10426,1,1
8985,0,1
8178,0,0
26613,0,1
25728,0,0
11913,0,0
17122,0,0
9150,0,0
13382,1,1
12164,1,1
15572,1,1
21617,0,0
17267,1,1
22624,0,1
15533,1,1
21456,1,1
19023,1,1
4888,1,1
24753,0,0
18804,1,1
4165,0,1
1155,1,1
19523,0,1
10644,0,0
7106,0,1
19730,0,1
12793,0,0
25554,0,1
23160,1,1
13850,1,0
22315,0,0
26968,0,0
26462,1,1
26628,0,0
7566,1,1
100,0,0
4574,1,1
10745,1,1
24809,0,0
9043,1,1
18685,0,0
21735,0,0
27452,0,0
19179,1,0
5745,1,0
6039,0,0
18428,0,0
9325,0,0
20759,0,0
16155,0,0
13008,0,0
10713,0,0
12111,0,0
4160,1,0
23014,1,1
4471,0,0
15345,1,1
20064,0,1
2769,1,1
19394,0,0
19342,1,1
15009,1,0
24643,0,1
28489,0,0
25754,0,0
16052,0,1
14173,1,0
22299,0,1
22709,1,1
7569,1,0
1768,1,1
16031,0,1
6222,1,0
8842,1,1
24459,0,1
5672,1,1
24373,1,1
3660,0,0
13230,0,0
694,1,1
20125,1,1
1247,1,1
11406,0,0
12862,0,1
19052,1,0
9865,1,1
27293,1,0
22936,1,1
12660,0,0
28209,0,1
18752,0,0
2606,1,0
26556,1,1
9216,0,0
24225,0,0
24242,0,0
19303,0,0
24079,1,1
9835,0,1
5418,0,0
7075,1,0
19631,1,0
14406,0,1
7754,0,0
974,0,0
20091,0,0
11110,0,0
24272,0,0
15024,0,0
20731,0,0
15692,1,1
3237,0,1
17333,0,1
4303,1,1
8267,1,1
10219,1,0
3357,1,0
4859,0,1
83,0,0
1665,0,0
15319,0,0
10574,0,0
11525,0,0
27560,1,1
10167,1,1
21185,1,0
21939,1,1
8876,0,0
21054,0,0
8629,0,0
20621,0,0
11462,0,1
7752,1,1
7748,1,1
10450,1,1
7802,0,1
3553,1,0
23722,0,0
22898,1,1
27688,0,1
28248,1,1
16511,1,1
4601,0,0
12922,1,0
224,0,0
28121,1,1
26513,0,0
22283,0,0
17383,1,1
5290,1,1
8091,1,1
14592,0,0
4209,0,0
7713,0,0
3271,1,1
26017,1,1
9585,0,0
11929,0,1
27694,0,1
5998,1,1
15331,1,1
27732,0,0
26227,0,0
17673,1,1
21519,1,1
8615,0,0
24365,0,1
3469,1,1
16020,0,0
12328,1,1
17445,1,0
10387,0,1
3931,0,1
3305,0,0
4298,1,1
19976,0,1
25410,1,0
27187,0,1
25911,1,1
13582,1,1
4727,1,1
14423,1,1
8213,0,0
7057,0,0
12166,0,0
24898,0,1
14391,1,1
4311,0,1
4134,1,0
21858,1,1
1094,1,1
11106,1,1
5222,1,1
1746,0,0
2080,0,0
14064,1,1
19902,1,1
5395,1,1
26327,1,1
26252,1,1
2058,0,1
7900,0,0
19607,1,1
7607,0,1
6714,1,1
18251,0,1
22757,1,0
10809,1,1
20603,1,1
14322,0,0
5083,1,0
16115,1,1
26818,1,0
15857,1,1
8051,0,0
1489,0,0
27437,1,1
24464,0,0
22875,1,1
23758,0,1
25889,1,1
322,1,1
26821,1,1
21903,1,0
15536,1,1
20179,0,0
17586,0,0
3822,1,1
10998,1,1
21007,0,0
13145,1,1
15023,1,1
13017,0,1
25358,0,0
21022,1,1
11338,0,0
24477,1,1
9491,1,1
23386,0,1
10114,1,0
4679,0,1
19690,1,0
26989,0,0
5621,0,0
21317,0,1
8449,1,1
12858,0,0
25147,1,1
7486,0,1
6608,1,1
12562,1,1
25278,1,1
6525,0,0
2686,0,0
17305,1,1
23199,0,0
18476,1,1
276,1,0
9296,1,1
13847,0,0
21178,0,0
26675,0,0
14582,0,0
20158,1,0
17348,1,1
6135,0,0
4791,0,0
12049,1,1
14670,0,0
4124,0,0
21486,1,1
23231,0,0
22521,1,1
8568,1,1
23556,0,0
14448,0,0
20679,1,1
14247,0,0
2776,0,1
16092,0,0
22878,1,1
9603,0,0
21993,0,0
8911,1,1
16402,0,0
22204,1,1
28684,0,1
27606,1,1
14421,1,1
15658,1,0
8132,1,1
4605,1,0
5925,1,1
22096,1,1
5058,0,0
10934,0,0
2048,0,0
21489,1,1
23414,0,0
12629,0,1
10992,1,1
8183,0,0
20842,1,1
2059,0,0
20725,1,1
15136,0,0
3425,0,0
14065,0,0
4691,1,0
18998,1,0
10292,0,0
20044,1,1
18639,0,0
14047,1,1
14358,0,1
25252,1,0
19413,0,0
5004,0,0
3550,1,1
22555,1,1
21421,1,1
24949,1,1
23832,1,0
20767,1,0
19561,0,1
19259,0,0
23596,0,0
28711,0,0
20390,1,1
20684,0,1
26082,1,1
2764,1,1
27433,0,0
3618,1,0
22341,1,1
16988,0,0
454,0,1
15349,0,0
4760,0,1
27053,0,0
8293,0,0
12710,1,1
17794,1,1
15762,1,1
5441,1,1
1100,1,1
20944,0,0
22108,1,1
14764,0,0
19218,1,1
6887,0,0
477,0,0
14726,0,0
12042,1,1
19939,0,0
3013,1,1
16475,1,1
13606,1,1
26706,0,0
23293,0,0
15351,1,0
12312,1,1
6737,0,1
8047,0,0
21134,0,1
15120,1,1
20866,0,0
23621,1,1
19105,0,0
22412,1,1
19967,1,1
23967,1,0
1198,0,0
9378,0,1
14575,0,1
25064,0,0
3141,1,1
560,0,0
24438,0,1
11024,1,0
11687,1,1
25914,1,1
27790,1,1
25203,1,1
7143,1,1
15885,1,0
519,0,1
17838,0,0
25711,0,0
14663,1,1
486,1,1
10001,1,0
20286,0,0
26088,1,1
6064,1,1
22859,0,1
22007,1,1
12037,1,1
783,1,1
17225,0,0
15542,0,1
206,1,1
4,0,0
9962,0,0
16903,0,0
16855,0,0
22064,1,0
2876,1,0
26405,1,1
25736,1,1
18458,1,1
8394,0,0
24418,0,1
8408,0,0
22267,0,0
25688,1,0
27887,0,1
24807,1,1
11170,0,0
23177,1,1
51,0,0
18080,1,0
4296,1,1
13840,0,0
15266,0,0
4878,0,1
14397,1,0
951,0,0
473,1,1
27502,1,1
21443,0,0
26197,1,1
16606,0,1
10050,1,1
379,0,0
6736,0,0
10758,0,0
20937,1,0
7430,1,1
10222,1,0
17260,0,0
10268,1,1
16849,0,0
15943,1,1
16639,0,0
6808,0,1
10510,0,1
21122,0,0
20384,1,1
8317,0,1
23002,0,0
22825,0,0
18333,0,0
12072,0,0
99,1,1
12470,0,0
11240,1,1
16930,1,1
11230,0,0
22484,0,0
13690,0,0
21906,1,1
20704,1,1
10163,0,0
22279,0,0
18931,0,0
26551,0,0
22759,1,1
7712,0,0
19495,0,1
2985,0,0
20567,0,0
20853,1,1
778,0,0
27209,0,0
10976,1,1
7218,1,1
6461,0,0
18076,0,0
19585,1,1
23203,0,0
10627,0,0
21822,0,0
11684,1,1
25996,1,0
22781,1,1
25375,1,0
4907,0,0
3246,1,1
28579,0,0
28250,1,0
14068,1,1
24070,0,0
7257,1,1
13133,1,0
18589,0,1
9009,1,1
2860,0,0
14876,0,0
8233,0,0
21264,1,1
12771,0,1
16161,1,1
14447,0,1
4377,1,0
775,1,1
28285,0,0
15739,0,0
21066,0,0
1364,1,1
19451,0,0
25134,0,1
14677,0,1
3128,1,1
10277,0,0
17417,0,1
2233,0,0
28545,1,1
25179,1,0
14539,0,0
12639,0,0
16922,1,0
6957,0,1
4711,1,1
1698,0,0
27997,0,1
22862,0,0
26445,0,0
11218,0,1
6930,1,1
8304,0,1
23800,0,1
2794,0,0
28548,1,1
23458,1,1
12573,0,1
11280,1,1
8461,1,1
11695,0,0
11558,1,0
16391,1,1
24918,0,0
13394,1,1
11630,1,1
7700,1,1
564,0,0
10317,1,1
24706,0,1
18651,0,0
2110,0,0
8054,0,1
10359,0,0
4004,0,0
13947,0,1
18771,0,1
19884,1,1
28242,0,1
2531,1,1
27618,0,0
7144,1,1
1373,0,0
6818,1,0
19264,0,0
24893,1,1
18403,0,0
8718,1,1
8358,1,1
1441,1,1
21478,1,1
26323,1,1
20036,0,1
10032,1,1
14936,0,1
19271,1,0
19097,0,0
7661,0,0
25720,1,1
24323,0,0
27898,0,1
21823,1,1
10691,1,1
27819,1,1
13287,0,0
28300,0,1
13844,0,0
14165,1,1
5324,0,0
12063,0,1
25467,0,1
24100,0,0
23674,1,1
25569,0,1
1685,1,1
28627,1,1
9357,0,1
25693,0,0
3247,0,0
9773,1,1
23032,1,1
27981,0,0
339,1,1
22586,1,1
7516,0,1
14053,0,0
10015,1,1
346,0,1
28778,0,1
17786,0,0
15144,0,0
12745,0,0
1087,0,0
3274,1,1
28542,1,1
25275,1,0
28573,0,0
23019,0,1
25395,1,1
2382,1,1
18853,1,0
20141,0,1
5523,0,0
749,0,1
23997,0,1
7509,0,0
21349,0,0
4835,0,0
5374,0,0
10954,0,0
9661,1,1
14535,0,0
17810,0,1
18283,0,0
8012,1,1
15258,0,0
20836,0,1
18376,1,1
20963,1,0
19270,0,1
14904,1,1
14220,1,1
9199,1,1
24378,0,1
9743,1,1
16142,1,1
23228,0,1
18889,0,0
3541,1,1
9792,1,1
10076,1,0
6153,1,1
4757,0,0
2647,1,1
25910,0,1
25374,0,0
884,0,0
7950,1,1
4489,0,0
16202,1,1
541,1,1
21718,1,1
2472,0,0
9207,1,1
1268,1,0
10962,1,0
7385,1,1
7207,0,1
22559,1,1
6291,0,1
22343,1,1
10278,0,0
26427,1,0
1464,1,1
11326,0,0
20912,1,1
21572,1,1
11776,0,1
13817,1,1
17772,1,1
50,1,1
16589,0,0
20983,0,0
8640,1,1
12609,1,0
15104,1,1
3098,0,0
12939,1,1
24769,0,0
4180,0,0
19688,0,1
1331,0,1
5453,0,0
24892,0,1
6196,1,0
2669,0,1
20263,1,1
12018,0,1
24319,0,1
3106,0,0
21158,0,0
21168,0,1
22130,0,0
25536,0,0
6435,0,0
27117,0,0
23292,0,0
26889,0,1
4055,1,0
102,1,0
13803,0,1
10889,0,0
18447,0,1
8403,1,1
8098,1,1
9445,1,1
15353,0,0
28267,1,1
22526,0,0
6661,0,1
851,1,1
11856,0,0
10805,0,0
6897,0,0
16902,1,1
17816,0,0
13479,0,1
3568,0,0
17073,1,1
25628,0,0
3913,1,1
5982,1,1
13196,0,0
27291,0,0
3085,1,1
13074,1,1
1286,0,0
16581,0,1
7125,0,1
5022,0,0
2393,0,1
23541,1,0
12807,0,0
28211,1,1
7905,1,0
5756,0,0
14548,1,1
16923,1,1
6934,1,1
7938,1,1
22086,0,0
11766,0,0
16777,1,0
16495,1,0
6214,1,1
20524,1,0
7378,1,0
23694,0,1
2230,0,0
25007,1,1
25905,0,0
13220,1,1
10665,1,1
26987,0,0
4103,0,1
9055,1,1
9904,0,0
997,0,0
7258,0,1
5840,1,1
17690,0,0
17220,1,1
20247,1,1
4955,1,1
20035,0,0
27044,0,0
16153,0,0
14614,1,1
19718,0,0
25542,1,1
9823,0,0
16149,0,0
4188,1,1
18792,0,0
1604,0,0
16171,1,1
21412,0,0
5715,1,1
10337,1,1
4036,1,0
7678,0,0
1561,1,1
12795,0,1
27323,0,0
25021,0,0
27180,1,1
4193,0,0
10430,1,1
2273,0,0
4825,0,0
17937,0,0
23395,1,0
1344,1,1
23355,0,1
8859,1,1
8189,0,1
19600,0,0
6440,1,0
4423,0,0
4481,1,1
23960,0,0
26237,0,0
20312,1,1
19706,1,1
1655,1,1
12556,0,0
5005,0,0
20755,0,0
13682,1,1
25537,1,1
14649,0,0
2069,1,1
15659,0,0
8160,1,1
26886,0,0
22488,1,1
21517,0,1
28453,0,0
10417,0,0
24085,1,1
13625,0,1
310,1,1
5050,0,0
5489,1,1
17206,0,1
1062,0,0
14516,1,1
2673,1,1
1563,0,0
15452,0,0
13002,1,1
2194,1,0
13668,0,0
9360,0,0
28667,0,0
6448,0,0
21613,1,1
462,1,0
7559,0,0
9329,0,0
20369,1,1
1605,0,1
6315,0,0
7193,1,1
2941,0,0
1002,1,0
19648,1,1
18347,1,1
27031,0,0
26952,0,0
25527,1,1
26338,1,1
19668,0,1
5365,1,1
23183,0,1
8871,0,0
20624,0,0
12808,1,1
5476,0,0
162,1,1
26801,0,0
19242,1,1
27877,1,1
27179,0,1
19124,0,0
22375,1,1
24065,1,1
2471,1,1
16587,1,1
4061,0,0
1713,0,1
1624,0,0
3302,0,0
18189,0,1
10951,1,1
4017,1,1
19138,1,1
16068,1,1
23563,0,0
5561,0,1
23838,1,0
9389,0,0
25254,0,0
13870,1,1
25023,0,0
10158,0,1
610,0,0
22836,0,0
4615,1,1
1240,0,0
20491,0,0
6466,1,1
20489,1,1
26914,1,1
21111,0,0
15210,1,0
16454,0,0
7859,0,0
20766,0,0
16499,1,1
26840,1,1
26067,0,0
12874,0,0
27598,0,0
8674,0,0
21358,0,1
23358,1,1
3503,0,0
19707,1,1
12369,0,0
18122,1,1
26688,0,0
11006,0,1
18827,0,0
13739,0,0
6981,0,1
14750,0,0
15102,0,0
5219,1,1
24144,1,1
7618,1,1
6327,0,0
2026,1,1
3435,0,0
10601,0,0
570,1,1
7555,1,1
27789,1,1
8689,0,0
23954,1,1
1757,1,1
11542,0,1
24390,1,1
25138,0,1
19562,1,1
4203,1,1
1554,0,0
9464,0,1
3332,1,1
15419,0,0
12791,1,1
5908,0,0
665,0,1
6150,0,0
12467,1,0
23244,1,1
26747,1,1
6425,0,0
23726,0,0
15796,1,1
23877,1,1
1497,1,0
24815,0,1
27402,0,1
8365,1,0
13967,1,1
3805,0,0
24754,0,0
9922,0,0
9346,1,1
13021,1,0
8474,0,0
3907,0,1
25743,0,1
22288,0,1
14605,0,0
20086,0,0
17958,1,1
15818,1,1
21728,0,0
9433,0,1
1578,1,0
11188,1,1
3459,1,1
24126,1,1
25680,1,1
24989,1,0
20938,1,1
8644,1,1
2379,1,1
3053,0,0
15400,1,1
12637,1,0
26534,0,0
28196,1,1
24662,1,1
11503,0,0
23559,0,1
27854,1,1
23137,1,1
14831,0,1
11284,1,1
15190,0,0
9072,0,0
1306,1,1
21350,1,1
22902,0,0
5802,0,0
5358,0,0
27329,1,1
19802,1,1
26699,0,1
16075,0,0
2338,0,0
9727,0,0
21895,1,0
18276,0,0
25671,0,0
21759,1,1
4248,0,0
3649,1,1
12172,1,1
7066,1,1
3243,1,0
4019,1,1
25501,1,1
26540,0,0
9292,0,0
9644,1,0
3634,0,0
7917,0,0
15034,0,0
6463,1,1
24168,0,0
4018,1,1
12115,1,1
14243,0,0
25828,0,1
20521,0,1
17989,0,1
19107,0,0
20605,0,0
6252,1,0
18882,1,1
26891,1,0
2547,1,1
2901,1,1
3355,1,1
8079,0,0
7287,1,1
714,0,0
24933,1,0
3222,1,1
6650,0,1
22451,1,1
1900,1,1
4778,1,1
20727,0,0
7365,1,1
25102,0,1
24835,1,0
15019,1,1
11212,0,0
24193,1,1
6649,1,1
4113,1,1
16338,0,1
12411,0,0
197,0,0
14269,0,1
26580,0,0
20998,1,1
16085,0,0
11485,1,1
12812,1,1
10014,1,1
14954,0,0
698,0,0
22777,1,0
2951,1,0
18962,0,0
27375,1,1
7791,0,1
159,0,1
6170,1,1
18056,1,0
21074,0,1
10343,0,0
11255,1,1
18533,0,0
19987,0,1
18448,1,1
10488,0,0
5233,0,0
1219,0,0
21702,1,1
27947,0,0
21042,1,0
7483,0,0
9834,0,1
26546,1,1
7060,1,0
1657,0,0
11626,1,1
9341,0,1
4709,0,0
12346,1,1
15464,1,1
28382,0,0
21283,1,1
24695,0,1
16224,1,1
13217,1,1
28739,0,1
19017,1,1
12722,0,1
3001,0,0
16477,1,0
896,1,1
26921,0,0
26376,1,1
3245,0,1
23284,0,0
23785,1,1
4418,1,1
8799,1,1
10783,0,0
15984,1,1
7463,1,0
5584,1,1
20523,0,1
13176,1,0
15476,1,1
14376,1,1
15856,1,1
22241,0,0
6675,1,1
6370,1,1
11013,1,1
11316,0,0
456,0,0
16524,1,1
27972,0,1
1990,1,1
860,1,1
3216,0,1
11978,0,0
6486,0,0
20446,0,0
28024,0,1
25096,1,1
26027,0,1
4138,0,1
16804,1,0
18863,0,0
4599,0,0
24426,1,1
1880,0,0
8,1,0
3289,0,1
20181,1,1
25473,1,0
17205,0,0
18508,1,1
23562,0,0
24419,0,0
27152,0,0
16743,1,1
4295,1,1
14476,1,1
21079,0,0
27696,1,1
13762,0,1
11221,1,0
22183,1,1
9020,0,1
13436,0,1
1212,1,1
1057,0,0
22900,1,1
18898,0,1
7582,0,0
17516,0,1
13703,1,1
25856,0,0
12879,1,1
13422,1,1
5940,0,1
24721,1,1
9448,0,1
13776,1,1
26425,1,1
13514,0,1
16105,0,1
24236,1,1
15630,0,1
20757,0,1
21457,0,0
25734,0,0
16460,1,1
3789,0,1
21214,1,1
14153,0,1
7369,0,0
10187,0,0
22643,0,0
15438,0,0
14798,1,1
26806,0,0
11894,1,1
27600,1,1
11719,0,0
671,1,1
26520,1,0
22763,0,0
12268,1,0
22307,1,1
14141,1,1
27996,0,0
4435,1,1
27305,1,1
7536,0,1
8483,0,0
1726,1,1
5228,1,1
5710,1,1
19696,0,0
18078,1,1
15018,0,0
18829,0,1
14434,0,0
26064,0,0
25819,0,1
22863,1,1
22502,0,0
7083,1,0
23980,1,1
16610,1,1
13725,0,0
16791,0,0
4223,0,0
6609,1,1
18322,1,1
16109,1,1
13333,0,0
16727,1,0
8142,1,1
13628,0,0
17306,0,0
16680,1,1
27028,1,0
28596,1,0
12249,0,1
5369,1,1
6186,1,1
12266,1,0
6853,0,0
9197,0,0
9320,0,1
14923,0,0
979,0,0
13571,1,1
9319,1,1
9300,1,1
24639,1,1
17617,1,1
7243,1,1
1512,0,0
14360,0,0
2629,1,1
25976,1,1
17963,1,1
1981,1,1
6552,0,1
7936,0,0
12360,0,0
433,0,0
12488,1,1
10684,0,1
19310,0,0
27740,1,1
12141,1,1
23948,1,1
19857,1,1
15265,1,0
19399,0,1
3648,1,1
19174,0,0
14879,0,0
11637,1,0
11226,0,1
1368,1,1
24004,0,0
19978,1,1
7252,0,0
22051,0,0
553,1,0
28344,0,0
13867,1,1
5293,0,0
19960,0,0
19253,1,1
13698,0,0
26216,1,1
27809,1,1
14395,0,1
11667,1,1
28722,1,1
5432,1,1
9081,1,1
13585,0,0
3545,0,1
586,1,1
15600,1,1
13974,0,1
10279,1,1
13623,1,1
24045,0,0
20207,1,0
16924,0,0
26038,1,1
21883,0,1
1071,1,1
2736,0,0
28145,1,1
10113,1,1
4701,0,1
28073,1,1
7573,0,1
27203,1,1
10622,1,1
8996,0,1
15690,0,0
17914,1,1
27906,0,1
15472,0,0
28736,0,1
1952,1,1
17154,0,0
27562,1,1
26475,0,1
18768,0,0
5248,1,1
148,1,0
3534,0,0
10705,1,1
27628,1,1
10484,0,1
26781,0,0
19051,0,0
3205,0,0
21673,0,0
28117,0,1
16133,1,1
22201,0,1
7333,1,1
11061,1,1
6699,1,1
25008,0,0
19272,1,1
17099,0,0
7449,1,1
11023,0,1
23928,1,1
10823,1,1
11924,0,0
24509,1,1
3151,0,0
18361,0,1
6199,0,0
26337,0,1
7893,0,0
14644,0,0
20055,1,0
14713,0,0
10100,0,0
7409,1,1
9068,1,0
20029,1,1
20495,0,0
11513,1,1
6760,1,1
3845,0,0
15544,1,1
28292,1,1
16623,0,1
2616,1,1
16877,1,1
21587,1,1
4905,0,1
27605,0,0
13938,1,1
11560,0,1
4973,1,1
18781,0,1
2448,0,0
13476,0,1
26527,0,0
5744,0,0
21487,1,1
15094,1,0
7163,1,1
20041,0,0
21501,1,1
19997,0,0
25869,0,0
1509,1,1
9170,1,1
19651,0,0
24139,0,0
25225,1,1
16263,0,1
7568,0,0
15643,0,0
22085,0,0
27890,0,0
10821,1,1
13346,1,1
18857,1,1
18297,1,0
3341,0,0
12126,1,1
9747,1,1
26787,0,1
9120,1,1
27147,0,0
6154,1,1
28398,1,1
9191,0,1
22248,1,0
7380,0,0
25236,1,1
5913,0,0
18240,0,0
6535,0,0
13177,1,1
26833,1,0
7013,0,0
18460,0,0
22796,1,1
3282,1,0
13538,0,0
19490,0,1
5092,0,1
27016,0,0
16537,0,0
19739,0,1
9115,0,1
28442,1,1
21311,0,0
20335,0,1
24154,1,1
12857,0,0
20666,0,0
8845,1,1
1873,1,0
3581,1,1
12770,1,1
11049,1,1
583,1,0
10946,0,1
1144,1,1
12994,1,1
6701,0,0
26045,0,0
16103,1,1
1614,0,1
2328,1,1
13416,1,1
2672,0,0
27668,0,0
15407,0,0
18093,1,1
11622,1,0
6383,1,1
10207,1,1
14714,1,1
16885,1,0
8301,0,0
15380,0,0
17127,0,0
5485,0,0
20359,0,1
3863,0,0
3067,0,0
4830,1,1
4678,1,0
17167,0,0
22116,0,0
8204,0,0
7914,1,1
23914,1,1
23930,1,1
25532,0,0
28719,0,0
23511,0,0
10717,0,0
20054,1,1
16050,1,1
27465,0,0
18951,0,0
17207,0,0
723,0,0
11693,1,1
7949,1,1
2592,1,0
14287,1,0
28572,0,0
2933,1,1
16271,0,0
28626,1,1
7194,1,1
16837,1,0
3149,0,0
12388,1,1
22678,0,0
890,0,0
493,1,1
27138,1,1
22560,1,1
9836,1,1
17722,0,0
27777,1,0
14508,0,1
6268,0,0
17055,1,1
28556,0,0
21674,0,0
3312,0,0
18732,1,1
18341,0,0
8080,0,1
5051,1,1
9077,0,0
24404,1,1
7929,0,0
3746,0,1
11229,1,1
5427,1,0
5193,0,1
9168,0,1
10077,1,1
11371,1,1
27173,1,1
22634,1,1
13426,1,1
13256,0,1
16254,0,0
25938,0,0
5024,1,0
10742,0,0
18755,1,1
10102,1,1
2486,1,1
10306,0,0
4673,1,1
23841,0,0
2615,0,0
26097,1,1
12443,0,0
14475,1,1
3038,1,1
8049,1,1
21389,1,1
23476,0,1
22535,0,1
11529,0,1
12728,1,1
18144,0,0
14468,0,1
22331,0,0
18917,0,0
11405,0,0
23576,0,0
8993,1,1
2576,1,1
14231,1,1
9604,1,1
28037,0,1
22278,0,0
2760,1,1
3819,1,0
13329,1,1
20435,0,0
7653,1,1
17873,0,0
20471,0,0
1067,1,1
14408,0,0
24054,0,0
7341,1,0
16712,1,1
21656,0,0
853,0,1
19084,1,1
23534,0,0
26030,0,0
14212,1,1
19153,1,1
10016,1,1
27347,0,0
20400,0,0
246,0,0
10743,1,1
19169,1,1
16286,1,1
13106,1,1
20507,1,0
2134,0,1
23152,1,1
3214,0,0
4258,0,0
23814,1,1
11951,0,0
24993,1,1
8094,1,1
6881,0,0
15774,0,0
17213,0,0
1191,0,0
19704,0,0
9206,1,1
23995,0,0
15604,1,1
3326,1,1
17934,0,0
20828,0,0
22901,0,0
7939,1,1
28509,1,1
19931,1,1
16884,1,1
16685,1,1
5253,0,0
7632,0,0
15342,0,1
17371,1,1
24473,0,0
27373,0,0
13043,1,1
20079,1,1
12935,0,0
17581,1,1
9799,1,1
25280,1,1
2514,0,0
15960,0,0
5056,0,1
11055,1,1
12535,1,1
24869,1,1
4872,0,1
23619,0,0
22819,0,1
6278,1,1
18809,0,0
17339,1,1
3276,1,1
20570,0,0
1972,0,1
26895,0,0
26939,1,1
1752,0,0
28210,1,1
6936,0,0
24433,0,0
28388,0,1
7799,0,1
5702,0,1
5917,0,0
26964,1,1
60,0,0
10189,1,1
26974,0,1
8874,1,1
12987,0,0
23486,0,0
2003,0,0
13849,1,1
14709,0,0
5306,1,1
8780,0,1
871,1,1
11838,1,1
8909,0,1
5937,1,1
3369,0,1
9583,1,1
12749,1,1
12711,0,0
11189,1,0
28629,0,0
28184,1,1
17535,0,0
1216,1,0
28365,1,1
9000,1,1
20415,1,1
21076,0,0
6330,0,1
21046,1,0
15970,1,1
21063,1,1
23000,0,0
18390,0,0
142,0,0
1475,1,1
977,0,1
699,0,0
5813,0,0
12149,1,1
6048,1,1
27801,0,0
18030,0,0
10602,1,0
14018,0,0
22434,0,1
24554,1,1
12715,0,0
11588,1,1
3555,1,0
9777,1,1
21026,0,1
16322,1,0
5367,0,0
10004,1,0
19405,1,1
26834,0,1
25431,1,1
19033,0,0
6087,1,1
28642,0,1
2340,0,0
1446,1,1
23394,1,1
4367,1,0
11724,0,0
10085,1,0
12621,0,0
24716,1,0
3058,1,1
6498,0,0
8127,1,1
26298,0,1
14652,1,1
17714,0,0
1104,0,0
25122,1,1
24191,1,0
18193,0,0
9512,0,0
9228,0,1
6043,0,0
15936,0,1
25649,0,0
9934,1,1
21878,0,0
18828,0,0
17226,0,0
15714,1,0
27426,0,0
24285,1,1
20728,1,1
13903,1,1
12867,0,0
1740,0,0
9045,0,1
16006,0,0
28273,0,1
14359,0,0
7652,1,1
23488,1,1
25708,0,0
13705,1,1
17804,0,1
13535,1,1
28036,0,1
25066,0,0
19942,0,0
28662,1,1
23711,1,1
14733,1,1
17412,1,1
25631,1,1
26983,1,1
5632,0,0
2192,0,0
22784,1,1
9850,0,1
9634,0,1
26623,1,0
59,0,0
21064,0,0
25093,0,0
25603,0,0
16490,1,1
22689,0,0
11899,1,1
26597,0,0
18699,0,0
11438,0,0
22298,1,1
14638,0,1
19375,0,1
5642,0,0
26977,1,1
13453,1,0
18312,0,0
24795,1,1
18905,0,0
10392,0,1
16032,0,0
4453,1,1
13541,0,1
4153,1,1
9473,0,1
13271,0,1
26857,0,0
1849,1,1
16944,1,1
23186,1,1
24734,1,0
26194,0,0
28133,0,0
19569,1,1
13673,0,0
28042,0,0
19671,1,1
12727,0,1
20745,0,0
7188,0,0
19333,0,0
16860,0,0
25269,1,1
17188,0,1
16621,1,1
2580,0,0
13308,1,1
26515,1,1
9958,0,0
19905,0,0
13959,0,0
25456,1,1
6653,0,0
18398,1,1
27088,1,1
3378,1,1
2015,1,1
12035,1,1
21037,1,1
6939,0,1
10899,0,1
24926,0,0
10880,1,1
1262,0,0
8150,1,1
10573,0,0
24094,1,1
9667,0,0
9611,0,0
2931,1,1
21476,1,1
14143,1,0
19574,0,1
26225,1,1
16435,1,0
3340,0,0
9215,1,0
11102,1,1
4736,0,0
17704,1,1
2439,1,1
23290,0,0
2835,1,1
27791,1,1
8283,0,0
16887,1,1
6727,0,0
9616,1,1
27915,0,0
6035,0,0
14367,0,1
12007,1,1
28362,1,1
8960,0,1
17825,1,1
7435,0,1
9577,1,1
15285,1,1
6848,0,0
25696,0,0
12617,0,0
6377,1,1
21723,1,1
3962,0,0
10827,0,0
8620,1,1
25234,1,1
13012,1,1
14034,1,1
18702,0,0
25141,1,1
95,0,0
15039,0,1
24619,1,1
16940,0,0
1482,1,1
5903,1,0
8030,1,1
24561,1,1
23989,0,0
16194,0,1
2449,0,0
26644,0,0
20658,1,1
24772,0,0
24071,0,1
20831,0,1
7655,0,1
25029,0,0
22683,1,1
25637,1,1
8272,0,0
22845,1,0
3692,1,1
16355,0,0
17204,1,0
6052,0,0
9135,0,0
11175,0,0
8675,1,1
4307,0,1
17323,1,0
16116,1,1
16723,1,1
26909,0,1
21107,1,1
9974,1,1
18657,0,1
14481,0,1
4798,0,0
5724,1,0
13992,1,1
15530,0,0
2501,0,0
26016,0,1
14222,1,1
7276,0,0
24022,1,1
11377,0,0
5399,0,0
22514,1,1
26423,1,0
24410,0,1
4900,1,1
21480,0,0
22127,1,1
7885,0,0
7767,0,0
20356,1,1
22084,1,1
8922,1,0
4308,0,0
8530,0,1
24415,1,1
19155,0,1
13424,0,0
23702,0,1
1416,1,1
23846,1,1
16205,0,0
20607,0,0
20228,0,0
11321,0,0
4788,1,1
234,1,1
1326,0,1
21909,0,0
13657,0,1
10489,1,1
8015,1,1
18147,0,0
10702,1,1
22582,1,1
1883,1,1
17737,0,1
18372,1,1
10022,1,0
2151,0,0
14749,0,0
24481,1,1
20169,0,0
20151,1,0
11730,1,1
25640,1,1
4401,1,1
14847,0,0
2115,0,0
22196,1,1
14514,1,1
26871,1,1
18320,0,0
12067,1,0
11984,0,0
337,1,1
19689,0,1
21503,0,1
10327,1,1
22277,1,0
20039,0,0
660,1,1
8751,1,1
14957,1,1
3507,1,1
15728,0,0
24596,0,0
27246,1,1
3679,1,1
22750,0,1
8637,0,0
4516,1,1
16905,0,0
25262,1,1
4873,1,1
12967,1,1
20698,0,1
15990,1,1
2946,0,0
26712,0,0
2366,1,0
24811,0,0
2473,0,1
25163,1,1
20052,0,1
21660,0,0
15737,1,0
18940,0,1
5363,0,0
7118,0,1
24275,1,1
18529,0,1
17329,1,1
4849,0,0
5655,0,1
16148,0,0
21980,1,0
17375,0,0
3518,0,1
17424,0,0
15709,0,0
16189,0,1
23588,1,1
16720,0,0
2011,0,1
16566,0,0
4366,1,1
15748,0,0
26388,1,1
5378,1,0
22103,0,0
15932,0,0
24694,0,0
26743,1,1
17676,0,0
14470,1,0
4518,0,0
23500,0,0
10159,0,0
13777,1,1
7217,0,1
6586,0,0
6297,1,1
8619,1,1
4844,1,1
11496,0,0
12739,0,1
20915,1,1
7553,0,0
27244,1,1
3579,0,1
9915,0,0
6967,0,0
12775,0,1
10956,0,0
22964,0,0
17898,1,1
1541,1,1
27328,0,0
12184,1,1
28066,1,1
23450,1,1
7417,1,1
1625,1,1
12856,1,1
18965,0,0
27963,1,1
1346,0,1
9110,1,0
512,1,1
8541,1,1
18140,1,1
20546,0,0
9386,1,1
28028,1,1
408,0,0
4187,0,0
7174,0,1
21080,0,1
6865,0,0
19360,0,0
25666,1,1
21414,1,0
17885,0,0
14895,0,1
24749,0,1
3993,0,0
25017,1,0
24321,1,1
19948,1,1
10840,0,1
24658,0,0
12536,0,0
4394,0,0
21940,1,1
3587,0,1
27113,1,1
3569,1,1
5272,1,1
19928,0,1
149,0,0
16113,1,1
479,0,0
28446,0,0
6458,0,0
17240,0,1
12518,1,1
12119,1,1
17797,0,0
8337,0,1
3631,0,0
12377,0,0
27008,0,0
26474,0,0
24932,1,1
19380,0,0
16643,0,0
24498,0,0
9205,1,1
9075,1,1
26750,1,1
1462,0,0
25545,1,1
12681,0,0
21742,1,1
25685,0,0
5993,0,0
26455,0,0
3937,0,1
14035,1,1
20450,0,0
1711,0,0
6042,0,1
16007,0,0
24726,1,1
23362,1,1
15927,1,1
9169,1,1
28450,0,0
23803,0,1
16036,1,1
10470,0,0
7624,0,1
730,0,0
22276,0,0
21025,1,1
23,1,1
13754,0,1
10735,0,0
16630,1,1
22213,0,0
26001,1,1
9771,1,1
19416,1,0
13641,1,1
25777,1,1
5762,0,0
2989,0,0
23161,1,1
13140,1,0
8890,0,1
6115,0,0
27414,1,1
11767,0,0
7796,0,0
11936,1,1
7136,1,0
28091,1,1
5821,0,0
27262,0,0
25345,0,0
27899,1,1
20264,0,0
8279,0,1
8235,0,1
2348,0,0
2114,1,1
20130,1,1
10988,1,1
4573,0,0
16644,0,0
14852,1,1
2554,1,0
25390,1,1
8720,0,1
15093,0,0
25854,1,0
10243,0,0
23081,1,0
2370,0,0
15281,1,1
21237,1,1
11716,1,1
28322,0,0
9911,0,0
12196,1,1
11388,1,1
15038,1,1
789,1,0
17302,0,0
901,1,1
2489,1,1
1562,1,1
27654,1,1
28644,1,1
22882,1,1
26203,1,0
17464,1,1
20805,0,0
12840,0,0
12747,0,0
20600,0,0
4108,0,1
24487,0,0
2674,1,1
16371,0,0
6292,0,0
10172,0,0
4398,0,0
13267,0,0
25270,1,1
6204,1,1
21332,0,0
5633,1,1
20437,0,0
9841,0,0
2839,1,1
56,0,0
16998,0,0
9188,0,1
28550,1,1
28331,1,0
17904,0,0
12679,1,1
9172,1,1
16128,1,0
15734,0,0
10859,0,0
2322,1,0
25146,0,1
14588,0,0
24153,1,1
3965,1,0
26607,1,1
18759,1,1
5727,0,0
17742,0,0
18214,0,1
10695,0,0
17376,1,1
15332,0,0
21204,1,1
11941,1,1
13200,0,0
16258,1,1
9373,1,1
16628,0,0
13612,1,1
5537,0,1
2235,1,1
17645,0,0
10023,1,1
16531,1,0
500,1,1
22636,1,0
1435,1,1
8384,0,0
20496,1,1
24978,1,1
28100,1,1
3008,1,0
9901,0,1
21090,0,1
12304,1,0
12989,0,0
19383,0,0
3057,1,0
13780,0,1
3510,0,0
7729,0,0
1229,1,1
26167,1,1
28223,0,0
17765,0,0
10296,1,0
28448,1,1
15827,0,0
876,1,1
8141,0,1
6923,0,0
24672,0,0
27723,0,0
19458,0,0
17270,1,1
21562,0,0
22518,1,1
652,0,0
8715,1,0
6228,1,1
168,0,0
7927,1,1
21145,0,0
19407,0,0
286,1,1
21322,0,0
4327,0,0
16740,0,1
26118,0,1
11483,1,1
20478,0,0
17133,0,1
2333,1,1
9629,0,0
7587,0,0
1890,0,1
17244,1,1
5130,1,1
9102,1,1
15694,0,0
4964,1,1
3218,0,0
1006,1,1
12753,0,0
17100,0,0
27168,1,1
16599,0,0
2124,1,1
72,0,1
1,1,1
11227,1,1
4166,0,1
10323,0,0
20484,1,1
11266,1,1
2565,1,1
23209,0,1
7065,1,1
7108,0,1
4412,0,0
24440,0,0
13379,0,1
7464,0,0
18229,0,0
17864,1,1
8345,1,1
2726,0,0
27524,0,1
21832,1,1
5274,0,1
24966,0,1
929,0,0
26072,1,1
14492,0,0
11396,0,1
18331,1,1
12992,0,0
23255,1,0
21334,0,0
23911,1,1
18522,0,1
18626,0,1
12280,0,0
16305,0,0
23300,0,1
15123,1,1
17641,0,0
5060,0,1
8467,0,0
12230,0,1
4151,1,1
11047,0,0
10408,0,0
2223,0,0
25320,1,1
25267,1,0
10804,1,1
8899,1,1
10910,1,1
27820,1,1
6003,1,1
7922,0,1
27021,0,0
25633,0,0
495,1,0
19022,1,1
7884,1,1
1393,1,0
9286,0,0
11656,0,0
15235,1,1
20612,1,1
22899,0,0
22151,1,1
26446,1,1
26185,0,0
5532,0,0
12417,0,0
14343,1,1
27829,1,0
1801,1,1
25308,1,1
27023,0,1
4447,1,1
10131,1,1
6398,1,1
22001,0,1
6420,0,1
11663,0,0
11133,0,0
10063,0,1
16231,0,0
1865,0,1
14791,0,0
6338,1,1
28234,0,1
11167,1,0
8891,0,0
16046,1,0
20283,0,0
18022,0,0
12846,0,1
21386,0,0
16492,0,0
10080,0,0
19684,1,1
1678,0,0
1338,0,1
9162,0,0
7095,1,1
15369,0,0
26052,0,0
23436,1,1
7061,1,1
12726,0,1
1921,0,0
14443,1,1
11987,0,0
10246,0,0
19742,1,0
20165,1,0
21335,0,0
14625,0,0
26326,0,0
13243,0,0
8837,1,1
24925,1,1
26414,1,0
3974,0,0
17274,0,0
1766,1,1
26986,0,1
19467,1,1
24622,1,0
23313,0,1
19708,1,1
16335,0,1
16896,1,1
24874,0,0
15869,0,1
7334,1,1
18823,0,0
22770,0,0
25386,0,0
13875,0,0
19498,1,1
28168,0,0
14545,0,1
26672,0,1
22026,0,1
18730,0,1
11088,1,0
506,0,1
28594,0,0
24068,0,1
10143,1,1
18305,0,1
21672,0,0
10351,0,0
18593,1,1
25990,0,0
9452,0,1
580,0,0
4626,1,1
27595,1,1
1555,0,0
14872,1,1
7351,1,1
11054,1,1
23226,1,1
5947,0,0
7860,0,0
9301,0,1
24897,0,0
7887,0,0
28502,1,1
17994,1,1
7571,0,1
21399,1,1
16179,0,0
6020,0,0
1870,0,0
17601,0,0
21849,0,0
20499,0,0
14941,1,0
28551,0,1
23828,0,0
6647,1,1
21269,0,0
7526,0,1
6396,0,1
9364,0,0
22244,1,1
2377,0,0
11216,1,1
12571,1,1
24190,0,0
11343,0,0
27042,0,0
22613,0,0
7392,1,0
24748,0,0
140,1,1
3133,0,0
15035,1,1
27593,0,0
7537,1,0
3366,0,0
15100,1,1
14854,0,1
1128,0,1
7311,0,1
8609,1,1
24345,0,0
14512,1,1
1572,0,1
17729,0,0
11138,1,1
17180,0,0
5716,1,1
22439,1,0
16253,1,1
1505,1,1
25770,0,0
5843,1,1
2009,1,1
25057,0,0
27367,1,1
27632,1,1
16449,1,0
13013,1,1
11209,1,1
3588,0,0
12676,1,1
19323,0,0
10527,0,0
18003,0,0
22657,0,0
6889,0,0
20452,1,0
5713,0,0
10630,1,1
1430,1,1
9581,0,1
9298,1,1
11769,1,0
10333,1,0
13851,0,0
12613,0,1
20845,0,0
18382,0,0
1290,0,0
3763,0,0
25901,1,1
17444,1,1
27464,0,0
27413,0,0
1821,0,1
26368,0,0
1674,1,0
12262,1,0
9056,0,1
22737,0,1
3138,1,1
7275,1,0
11803,0,0
25168,1,1
3164,0,0
23432,1,1
14770,0,0
3198,0,1
19506,1,1
6569,1,0
7241,0,1
19640,0,0
6710,1,0
11633,1,1
20534,1,1
25366,1,1
11873,1,0
11593,1,1
17800,1,1
21326,1,0
8690,1,1
27622,0,0
20815,1,1
5898,0,1
17648,0,0
19541,0,1
20590,0,1
17472,0,0
17674,0,0
11611,0,1
25453,1,1
19417,0,1
27770,1,1
5065,1,1
20851,0,0
9702,0,0
2106,1,1
10755,0,1
13356,1,1
27273,0,1
7204,0,0
10030,1,1
19318,1,1
19016,0,0
14205,1,1
23903,1,1
6320,0,0
11466,1,1
8775,1,1
24831,0,1
10157,0,1
18581,1,1
8248,1,1
15029,0,0
18256,0,0
10727,0,0
7830,1,1
9513,0,0
12476,0,0
1184,0,0
6206,1,1
14383,0,1
27518,0,0
24510,1,1
15766,1,1
13164,0,0
28575,1,1
8170,0,0
21012,1,0
26342,1,1
10139,0,1
16703,1,0
25662,0,1
13614,1,1
17874,0,0
12245,1,1
15845,0,0
2567,0,1
13508,0,1
20308,0,0
3195,0,0
20425,0,0
18911,0,0
18308,0,0
12937,1,1
20445,0,1
5236,1,0
3852,1,1
7167,0,0
19248,0,1
3562,1,1
7722,0,0
12731,0,0
14117,0,0
6582,0,0
3283,0,1
18168,1,1
5111,0,0
2774,0,1
11696,0,0
16343,0,0
22169,0,0
28586,0,1
4568,1,1
12106,1,1
1515,0,0
3436,0,0
5352,0,0
6144,1,1
25944,0,0
28702,1,1
21946,0,0
15523,1,1
25659,1,1
12348,0,1
20794,0,0
9488,0,0
12244,1,1
14450,0,0
23855,1,1
5579,1,0
17598,1,0
265,0,1
4270,0,1
21573,0,0
27386,0,1
2934,1,1
27680,1,1
21000,1,1
4800,0,0
2355,0,0
22522,0,0
1864,1,1
28534,1,1
2739,1,1
7427,0,1
15132,0,1
3386,1,1
2414,1,1
14586,0,0
7498,1,1
17304,0,0
26979,1,1
27066,1,1
10273,1,1
11957,1,1
7383,0,0
26868,1,1
3074,0,1
10486,0,0
19882,0,0
26828,0,0
27832,1,1
28420,1,1
4026,0,0
1073,0,0
12646,1,0
213,0,0
20850,1,1
15956,0,1
11844,1,1
10624,0,1
2217,0,0
24589,0,0
11717,0,0
27845,0,0
21821,1,1
23444,1,1
10477,1,1
1731,0,0
23235,1,1
755,0,1
10990,0,0
4779,0,1
17379,0,0
2299,1,1
5995,1,0
22150,0,1
24202,0,0
16653,0,0
23863,1,1
26289,0,0
17636,0,0
4402,0,0
8005,0,0
18643,1,1
11569,0,0
25180,0,0
22660,0,0
24170,0,0
26300,1,1
15314,0,1
25992,0,0
6128,1,1
7892,0,0
23176,1,1
24463,0,0
13727,0,0
28243,1,1
16619,1,1
8013,1,1
17549,0,0
25691,0,1
5934,0,0
8561,0,0
13633,1,0
13003,1,0
13820,0,0
25897,0,1
293,1,0
12169,1,1
17738,0,0
24127,1,1
24393,1,1
18008,0,0
4816,0,1
14946,0,0
11324,1,1
14813,1,1
6055,1,1
14329,0,1
22477,1,1
